timestamp_utc,elapsed_s,armed,flight_mode,lat_deg,lon_deg,alt_agl_m,alt_amsl_m,vx_ms,vy_ms,vz_ms,roll_deg,pitch_deg,yaw_deg,groundspeed_ms,airspeed_ms,heading_deg,throttle_pct,battery_v,battery_a,battery_pct,gps_fix_type,satellites_visible,rc1,rc2,rc3,rc4,rc5,rc6,rc7,rc8,last_status_text
2026-07-10T08:51:44.488Z,0.500,False,UNKNOWN,0.0000000,0.0000000,0.21,-0.04,0.00,0.00,-0.01,1.04,1.22,15.40,0.00,0.00,15.0,0,0.000,-0.01,-1,1,0,0,0,0,0,0,0,0,0,
2026-07-10T08:51:44.989Z,1.001,False,STABILIZE,0.0000000,0.0000000,0.18,-0.04,0.00,0.00,-0.01,1.05,1.22,15.40,0.00,0.00,15.0,0,0.000,-0.01,-1,1,0,0,0,0,0,0,0,0,0,
2026-07-10T08:51:45.490Z,1.502,False,STABILIZE,0.0000000,0.0000000,0.15,-0.04,0.00,0.00,-0.01,1.05,1.22,15.40,0.01,0.00,15.0,0,0.000,-0.01,-1,1,0,0,0,0,0,0,0,0,0,
2026-07-10T08:51:45.990Z,2.002,False,STABILIZE,0.0000000,0.0000000,0.20,-0.04,0.00,0.00,-0.01,1.05,1.22,15.40,0.01,0.00,15.0,0,0.000,-0.01,-1,1,0,0,0,0,0,0,0,0,0,
2026-07-10T08:51:46.490Z,2.502,False,STABILIZE,0.0000000,0.0000000,0.16,-0.04,0.00,0.00,0.00,1.05,1.22,15.40,0.01,0.00,15.0,0,0.000,-0.01,-1,1,0,0,0,0,0,0,0,0,0,
2026-07-10T08:51:46.990Z,3.002,False,STABILIZE,0.0000000,0.0000000,0.15,-0.04,0.00,0.00,0.00,1.05,1.22,15.40,0.01,0.00,15.0,0,0.000,-0.01,-1,1,0,0,0,0,0,0,0,0,0,
2026-07-10T08:51:47.490Z,3.502,False,STABILIZE,0.0000000,0.0000000,0.16,-0.04,0.00,0.00,0.00,1.05,1.23,15.40,0.01,0.00,15.0,0,0.000,-0.01,-1,1,0,0,0,0,0,0,0,0,0,
2026-07-10T08:51:47.990Z,4.002,False,STABILIZE,0.0000000,0.0000000,0.16,-0.04,0.00,0.00,0.00,1.04,1.23,15.40,0.01,0.00,15.0,0,0.000,-0.01,-1,1,0,0,0,0,0,0,0,0,0,
2026-07-10T08:51:48.490Z,4.502,False,STABILIZE,0.0000000,0.0000000,0.15,-0.04,0.00,0.00,0.00,1.04,1.23,15.40,0.01,0.00,15.0,0,0.000,-0.01,-1,1,0,0,0,0,0,0,0,0,0,
2026-07-10T08:51:48.992Z,5.004,False,STABILIZE,0.0000000,0.0000000,0.11,-0.04,0.00,0.00,0.00,1.04,1.23,15.40,0.01,0.00,15.0,0,0.000,-0.01,-1,1,0,0,0,0,0,0,0,0,0,
2026-07-10T08:51:49.493Z,5.505,False,STABILIZE,0.0000000,0.0000000,0.16,-0.04,0.00,0.00,0.01,1.04,1.23,15.41,0.01,0.00,15.0,0,0.000,-0.01,-1,1,0,0,0,0,0,0,0,0,0,
2026-07-10T08:51:49.995Z,6.007,False,STABILIZE,0.0000000,0.0000000,0.14,-0.04,0.00,0.00,0.01,1.04,1.23,15.41,0.01,0.00,15.0,0,0.000,-0.01,-1,1,0,0,0,0,0,0,0,0,0,
2026-07-10T08:51:50.497Z,6.509,False,STABILIZE,0.0000000,0.0000000,0.14,-0.04,0.00,0.00,0.01,1.04,1.23,15.41,0.01,0.00,15.0,0,0.000,-0.01,-1,1,0,0,0,0,0,0,0,0,0,
2026-07-10T08:51:50.998Z,7.009,False,STABILIZE,0.0000000,0.0000000,0.10,-0.04,0.00,0.00,0.01,1.04,1.23,15.42,0.01,0.00,15.0,0,0.000,-0.01,-1,1,0,0,0,0,0,0,0,0,0,
2026-07-10T08:51:51.498Z,7.509,False,STABILIZE,0.0000000,0.0000000,0.11,-0.04,0.00,0.00,0.02,1.04,1.23,15.41,0.01,0.00,15.0,0,0.000,-0.01,-1,1,0,0,0,0,0,0,0,0,0,
2026-07-10T08:51:51.999Z,8.010,False,STABILIZE,0.0000000,0.0000000,0.20,-0.04,0.00,0.00,0.02,1.04,1.23,15.41,0.01,0.00,15.0,0,0.000,-0.01,-1,1,0,0,0,0,0,0,0,0,0,
2026-07-10T08:51:52.587Z,8.598,False,STABILIZE,0.0000000,0.0000000,0.21,-0.04,0.00,0.00,0.01,1.04,1.23,15.41,0.01,0.00,15.0,0,0.000,-0.01,-1,1,0,0,0,0,0,0,0,0,0,
2026-07-10T08:51:53.090Z,9.101,False,STABILIZE,0.0000000,0.0000000,0.22,-0.04,0.00,0.00,0.01,1.04,1.23,15.41,0.01,0.00,15.0,0,0.000,-0.01,-1,1,0,0,0,0,0,0,0,0,0,
2026-07-10T08:51:53.590Z,9.601,False,STABILIZE,0.0000000,0.0000000,0.24,-0.04,0.00,0.00,0.00,1.04,1.23,15.42,0.01,0.00,15.0,0,0.000,-0.01,-1,1,0,0,0,0,0,0,0,0,0,
2026-07-10T08:51:54.090Z,10.102,False,STABILIZE,0.0000000,0.0000000,0.24,-0.04,0.00,0.00,0.00,1.04,1.23,15.42,0.01,0.00,15.0,0,0.000,-0.01,-1,1,0,0,0,0,0,0,0,0,0,
2026-07-10T08:51:54.592Z,10.603,False,STABILIZE,0.0000000,0.0000000,0.25,-0.04,0.00,0.00,0.00,1.04,1.23,15.42,0.01,0.00,15.0,0,0.000,-0.01,-1,1,0,0,0,0,0,0,0,0,0,
2026-07-10T08:51:55.187Z,11.198,False,STABILIZE,0.0000000,0.0000000,0.25,-0.04,0.00,0.00,0.00,1.04,1.22,15.42,0.01,0.00,15.0,0,0.000,-0.01,-1,1,0,0,0,0,0,0,0,0,0,
2026-07-10T08:51:55.687Z,11.699,False,STABILIZE,0.0000000,0.0000000,0.28,-0.04,0.00,0.00,-0.01,1.04,1.22,15.42,0.01,0.00,15.0,0,0.000,-0.01,-1,1,0,0,0,0,0,0,0,0,0,
2026-07-10T08:51:56.193Z,12.204,False,STABILIZE,0.0000000,0.0000000,0.28,-0.04,0.00,0.00,-0.01,1.04,1.22,15.42,0.01,0.00,15.0,0,0.000,-0.01,-1,1,0,0,0,0,0,0,0,0,0,
2026-07-10T08:51:56.693Z,12.705,False,STABILIZE,0.0000000,0.0000000,0.26,-0.04,0.00,0.00,-0.01,1.04,1.22,15.43,0.01,0.00,15.0,0,0.000,-0.01,-1,1,0,0,0,0,0,0,0,0,0,
2026-07-10T08:51:57.194Z,13.206,False,STABILIZE,0.0000000,0.0000000,0.26,-0.04,0.00,0.00,-0.01,1.04,1.22,15.43,0.01,0.00,15.0,0,0.000,-0.01,-1,1,0,0,0,0,0,0,0,0,0,
2026-07-10T08:51:57.694Z,13.706,False,STABILIZE,0.0000000,0.0000000,0.31,-0.04,0.00,0.00,-0.01,1.04,1.22,15.43,0.01,0.00,15.0,0,0.000,-0.01,-1,1,0,0,0,0,0,0,0,0,0,
2026-07-10T08:51:58.196Z,14.208,False,STABILIZE,0.0000000,0.0000000,0.33,-0.04,0.00,0.00,-0.01,1.05,1.23,15.43,0.01,0.00,15.0,0,0.000,-0.01,-1,1,0,0,0,0,0,0,0,0,0,
2026-07-10T08:51:58.786Z,14.798,False,STABILIZE,0.0000000,0.0000000,0.31,-0.04,0.00,0.00,-0.02,1.05,1.23,15.43,0.01,0.00,15.0,0,0.000,-0.01,-1,1,0,0,0,0,0,0,0,0,0,
2026-07-10T08:51:59.287Z,15.299,False,STABILIZE,0.0000000,0.0000000,0.30,-0.04,0.00,0.00,-0.02,1.05,1.22,15.43,0.01,0.00,15.0,0,0.000,-0.01,-1,1,0,0,0,0,0,0,0,0,0,
2026-07-10T08:51:59.787Z,15.799,False,STABILIZE,0.0000000,0.0000000,0.36,-0.04,0.00,0.00,-0.02,1.05,1.23,15.44,0.01,0.00,15.0,0,0.000,-0.01,-1,1,0,0,0,0,0,0,0,0,0,
2026-07-10T08:52:00.287Z,16.299,False,STABILIZE,0.0000000,0.0000000,0.31,-0.04,0.00,0.00,-0.02,1.05,1.23,15.44,0.01,0.00,15.0,0,0.000,-0.01,-1,1,0,0,0,0,0,0,0,0,0,
2026-07-10T08:52:00.787Z,16.799,False,STABILIZE,0.0000000,0.0000000,0.34,-0.04,0.00,0.00,-0.02,1.05,1.23,15.44,0.01,0.00,15.0,0,0.000,-0.01,-1,1,0,0,0,0,0,0,0,0,0,
2026-07-10T08:52:01.287Z,17.299,False,STABILIZE,0.0000000,0.0000000,0.37,-0.04,0.00,0.00,-0.02,1.05,1.23,15.45,0.01,0.00,15.0,0,0.000,-0.01,-1,1,0,0,0,0,0,0,0,0,0,
2026-07-10T08:52:01.788Z,17.800,False,STABILIZE,0.0000000,0.0000000,0.33,-0.04,0.00,0.00,-0.02,1.05,1.23,15.45,0.01,0.00,15.0,0,0.000,-0.01,-1,1,0,0,0,0,0,0,0,0,0,
2026-07-10T08:52:02.289Z,18.301,False,STABILIZE,0.0000000,0.0000000,0.34,-0.04,0.00,0.00,-0.02,1.05,1.23,15.45,0.01,0.00,15.0,0,0.000,-0.01,-1,1,0,0,0,0,0,0,0,0,0,
2026-07-10T08:52:02.789Z,18.801,False,STABILIZE,0.0000000,0.0000000,0.37,-0.04,0.00,0.00,-0.02,1.05,1.23,15.45,0.01,0.00,15.0,0,0.000,-0.01,-1,1,0,0,0,0,0,0,0,0,0,
2026-07-10T08:52:03.293Z,19.305,False,STABILIZE,0.0000000,0.0000000,0.37,-0.04,0.00,0.00,-0.02,1.05,1.22,15.46,0.01,0.00,15.0,0,0.000,-0.01,-1,1,0,0,0,0,0,0,0,0,0,
2026-07-10T08:52:03.794Z,19.805,False,STABILIZE,0.0000000,0.0000000,0.37,-0.04,0.00,0.00,-0.01,1.05,1.22,15.46,0.01,0.00,15.0,0,0.000,-0.01,-1,1,0,0,0,0,0,0,0,0,0,
2026-07-10T08:52:04.295Z,20.307,False,STABILIZE,0.0000000,0.0000000,0.36,-0.04,0.00,0.00,-0.01,1.05,1.22,15.46,0.01,0.00,15.0,0,0.000,-0.01,-1,1,0,0,0,0,0,0,0,0,0,
2026-07-10T08:52:04.796Z,20.807,False,STABILIZE,0.0000000,0.0000000,0.38,-0.04,0.00,0.00,-0.01,1.05,1.22,15.47,0.01,0.00,15.0,0,0.000,-0.01,-1,1,0,0,0,0,0,0,0,0,0,
2026-07-10T08:52:05.296Z,21.307,False,STABILIZE,0.0000000,0.0000000,0.39,-0.04,0.00,0.00,-0.01,1.05,1.22,15.47,0.01,0.00,15.0,0,0.000,-0.01,-1,1,0,0,0,0,0,0,0,0,0,
2026-07-10T08:52:05.885Z,21.897,False,STABILIZE,0.0000000,0.0000000,0.37,-0.04,0.00,0.00,-0.01,1.05,1.22,15.47,0.01,0.00,15.0,0,0.000,-0.01,-1,1,0,0,0,0,0,0,0,0,0,
2026-07-10T08:52:06.385Z,22.397,False,STABILIZE,0.0000000,0.0000000,0.39,-0.04,0.00,0.00,-0.01,1.05,1.22,15.47,0.01,0.00,15.0,0,0.000,-0.01,-1,1,0,0,0,0,0,0,0,0,0,
2026-07-10T08:52:06.887Z,22.899,False,STABILIZE,0.0000000,0.0000000,0.40,-0.04,0.00,0.00,-0.01,1.05,1.22,15.47,0.01,0.00,15.0,0,0.000,-0.01,-1,1,0,0,0,0,0,0,0,0,0,
2026-07-10T08:52:07.393Z,23.405,False,STABILIZE,0.0000000,0.0000000,0.37,-0.04,0.00,0.00,-0.01,1.04,1.22,15.47,0.01,0.00,15.0,0,0.000,-0.01,-1,1,0,0,0,0,0,0,0,0,0,
2026-07-10T08:52:07.895Z,23.906,False,STABILIZE,0.0000000,0.0000000,0.39,-0.04,0.00,0.00,0.00,1.05,1.22,15.47,0.01,0.00,15.0,0,0.000,-0.01,-1,1,0,0,0,0,0,0,0,0,0,
2026-07-10T08:52:08.396Z,24.407,False,STABILIZE,0.0000000,0.0000000,0.40,-0.04,0.00,0.00,0.00,1.05,1.22,15.48,0.01,0.00,15.0,0,0.000,-0.01,-1,1,0,0,0,0,0,0,0,0,0,
2026-07-10T08:52:08.896Z,24.907,False,STABILIZE,0.0000000,0.0000000,0.43,-0.04,0.00,0.00,0.00,1.05,1.22,15.48,0.01,0.00,15.0,0,0.000,-0.01,-1,1,0,0,0,0,0,0,0,0,0,
2026-07-10T08:52:09.485Z,25.496,False,STABILIZE,0.0000000,0.0000000,0.38,-0.04,0.00,0.00,0.00,1.04,1.22,15.48,0.01,0.00,15.0,0,0.000,-0.01,-1,1,0,0,0,0,0,0,0,0,0,
2026-07-10T08:52:09.985Z,25.996,False,STABILIZE,0.0000000,0.0000000,0.35,-0.04,0.00,0.00,0.00,1.04,1.22,15.48,0.01,0.00,15.0,0,0.000,-0.01,-1,1,0,0,0,0,0,0,0,0,0,PreArm: Board (3.9v) out of range 4.3-5.8v
2026-07-10T08:52:10.486Z,26.498,False,STABILIZE,0.0000000,0.0000000,0.38,-0.04,0.00,0.00,0.00,1.04,1.22,15.48,0.01,0.00,15.0,0,0.000,-0.01,-1,1,0,0,0,0,0,0,0,0,0,PreArm: Board (3.9v) out of range 4.3-5.8v
2026-07-10T08:52:10.986Z,26.998,False,STABILIZE,0.0000000,0.0000000,0.41,-0.04,0.00,0.00,0.00,1.04,1.22,15.49,0.01,0.00,15.0,0,0.000,-0.01,-1,1,0,0,0,0,0,0,0,0,0,PreArm: Board (3.9v) out of range 4.3-5.8v
2026-07-10T08:52:11.488Z,27.500,False,STABILIZE,0.0000000,0.0000000,0.37,-0.04,0.00,0.00,0.00,1.03,1.22,15.49,0.01,0.00,15.0,0,0.000,-0.01,-1,1,0,0,0,0,0,0,0,0,0,PreArm: Board (3.9v) out of range 4.3-5.8v
2026-07-10T08:52:11.990Z,28.001,False,STABILIZE,0.0000000,0.0000000,0.37,-0.04,0.00,0.00,0.00,1.03,1.22,15.49,0.01,0.00,15.0,0,0.000,-0.01,-1,1,0,0,0,0,0,0,0,0,0,PreArm: Board (3.9v) out of range 4.3-5.8v
2026-07-10T08:52:12.490Z,28.501,False,STABILIZE,0.0000000,0.0000000,0.35,-0.04,0.00,0.00,0.00,1.03,1.21,15.49,0.01,0.00,15.0,0,0.000,-0.01,-1,1,0,0,0,0,0,0,0,0,0,PreArm: Board (3.9v) out of range 4.3-5.8v
2026-07-10T08:52:12.991Z,29.003,False,STABILIZE,0.0000000,0.0000000,0.35,-0.04,0.00,0.00,0.00,1.03,1.21,15.49,0.01,0.00,15.0,0,0.000,-0.01,-1,1,0,0,0,0,0,0,0,0,0,PreArm: Board (3.9v) out of range 4.3-5.8v
2026-07-10T08:52:13.492Z,29.503,False,STABILIZE,0.0000000,0.0000000,0.43,-0.04,0.00,0.00,0.00,1.03,1.21,15.48,0.01,0.00,15.0,0,0.000,-0.01,-1,1,0,0,0,0,0,0,0,0,0,PreArm: Board (3.9v) out of range 4.3-5.8v
2026-07-10T08:52:13.992Z,30.003,False,STABILIZE,0.0000000,0.0000000,0.42,-0.04,0.00,0.00,0.00,1.04,1.21,15.48,0.01,0.00,15.0,0,0.000,-0.01,-1,1,0,0,0,0,0,0,0,0,0,PreArm: Board (3.9v) out of range 4.3-5.8v
2026-07-10T08:52:14.492Z,30.503,False,STABILIZE,0.0000000,0.0000000,0.41,-0.04,0.00,0.00,0.00,1.04,1.21,15.48,0.01,0.00,15.0,0,0.000,-0.01,-1,1,0,0,0,0,0,0,0,0,0,PreArm: Board (3.9v) out of range 4.3-5.8v
2026-07-10T08:52:15.087Z,31.099,False,STABILIZE,0.0000000,0.0000000,0.39,-0.04,0.00,0.00,0.00,1.04,1.21,15.48,0.01,0.00,15.0,0,0.000,-0.01,-1,1,0,0,0,0,0,0,0,0,0,PreArm: Board (3.9v) out of range 4.3-5.8v
2026-07-10T08:52:15.588Z,31.599,False,STABILIZE,0.0000000,0.0000000,0.39,-0.04,0.00,0.00,0.00,1.04,1.21,15.48,0.01,0.00,15.0,0,0.000,-0.01,-1,1,0,0,0,0,0,0,0,0,0,PreArm: Board (3.9v) out of range 4.3-5.8v
2026-07-10T08:52:16.090Z,32.101,False,STABILIZE,0.0000000,0.0000000,0.39,-0.04,0.00,0.00,0.00,1.04,1.21,15.48,0.00,0.00,15.0,0,0.000,-0.01,-1,1,0,0,0,0,0,0,0,0,0,PreArm: Board (3.9v) out of range 4.3-5.8v
2026-07-10T08:52:16.590Z,32.601,False,STABILIZE,0.0000000,0.0000000,0.43,-0.04,0.00,0.00,0.00,1.04,1.21,15.49,0.00,0.00,15.0,0,0.000,-0.01,-1,1,0,0,0,0,0,0,0,0,0,PreArm: Board (3.9v) out of range 4.3-5.8v
2026-07-10T08:52:17.092Z,33.104,False,STABILIZE,0.0000000,0.0000000,0.43,-0.04,0.00,0.00,0.00,1.04,1.21,15.49,0.00,0.00,15.0,0,0.000,-0.01,-1,1,0,0,0,0,0,0,0,0,0,PreArm: Board (3.9v) out of range 4.3-5.8v
2026-07-10T08:52:17.594Z,33.606,False,STABILIZE,0.0000000,0.0000000,0.42,-0.04,0.00,0.00,0.00,1.04,1.21,15.48,0.00,0.00,15.0,0,0.000,-0.01,-1,1,0,0,0,0,0,0,0,0,0,PreArm: Board (3.9v) out of range 4.3-5.8v
2026-07-10T08:52:18.186Z,34.197,False,STABILIZE,0.0000000,0.0000000,0.43,-0.04,0.00,0.00,0.00,1.04,1.21,15.48,0.00,0.00,15.0,0,0.000,-0.01,-1,1,0,0,0,0,0,0,0,0,0,PreArm: Board (3.9v) out of range 4.3-5.8v
2026-07-10T08:52:18.686Z,34.698,False,STABILIZE,0.0000000,0.0000000,0.42,-0.04,0.00,0.00,0.00,1.04,1.21,15.48,0.00,0.00,15.0,0,0.000,-0.01,-1,1,0,0,0,0,0,0,0,0,0,PreArm: Board (3.9v) out of range 4.3-5.8v
2026-07-10T08:52:19.186Z,35.198,False,STABILIZE,0.0000000,0.0000000,0.40,-0.04,0.00,0.00,0.00,1.04,1.21,15.48,0.00,0.00,15.0,0,0.000,-0.01,-1,1,0,0,0,0,0,0,0,0,0,PreArm: Board (3.9v) out of range 4.3-5.8v
2026-07-10T08:52:19.686Z,35.698,False,STABILIZE,0.0000000,0.0000000,0.40,-0.04,0.00,0.00,0.00,1.04,1.21,15.48,0.00,0.00,15.0,0,0.000,-0.01,-1,1,0,0,0,0,0,0,0,0,0,PreArm: Board (3.9v) out of range 4.3-5.8v
2026-07-10T08:52:20.188Z,36.200,False,STABILIZE,0.0000000,0.0000000,0.43,-0.04,0.00,0.00,0.00,1.04,1.21,15.48,0.00,0.00,15.0,0,0.000,-0.01,-1,1,0,0,0,0,0,0,0,0,0,PreArm: Board (3.9v) out of range 4.3-5.8v
2026-07-10T08:52:20.688Z,36.700,False,STABILIZE,0.0000000,0.0000000,0.51,-0.04,0.00,0.00,0.00,1.04,1.21,15.48,0.00,0.00,15.0,0,0.000,-0.01,-1,1,0,0,0,0,0,0,0,0,0,PreArm: Board (3.9v) out of range 4.3-5.8v
2026-07-10T08:52:21.189Z,37.201,False,STABILIZE,0.0000000,0.0000000,0.47,-0.04,0.00,0.00,0.00,1.04,1.21,15.48,0.00,0.00,15.0,0,0.000,-0.01,-1,1,0,0,0,0,0,0,0,0,0,PreArm: Board (3.9v) out of range 4.3-5.8v
2026-07-10T08:52:21.691Z,37.703,False,STABILIZE,0.0000000,0.0000000,0.50,-0.04,0.00,0.00,0.00,1.04,1.21,15.48,0.00,0.00,15.0,0,0.000,-0.01,-1,1,0,0,0,0,0,0,0,0,0,PreArm: Board (3.9v) out of range 4.3-5.8v
2026-07-10T08:52:22.193Z,38.205,False,STABILIZE,0.0000000,0.0000000,0.47,-0.04,0.00,0.00,0.00,1.03,1.21,15.48,0.00,0.00,15.0,0,0.000,-0.01,-1,1,0,0,0,0,0,0,0,0,0,PreArm: Board (3.9v) out of range 4.3-5.8v
2026-07-10T08:52:22.784Z,38.796,False,STABILIZE,0.0000000,0.0000000,0.43,-0.04,0.00,0.00,0.00,1.03,1.22,15.48,0.01,0.00,15.0,0,0.000,-0.01,-1,1,0,0,0,0,0,0,0,0,0,PreArm: Board (3.9v) out of range 4.3-5.8v
2026-07-10T08:52:23.286Z,39.298,False,STABILIZE,0.0000000,0.0000000,0.43,-0.04,0.00,0.00,0.00,1.03,1.21,15.48,0.01,0.00,15.0,0,0.000,-0.01,-1,1,0,0,0,0,0,0,0,0,0,PreArm: Board (3.9v) out of range 4.3-5.8v
2026-07-10T08:52:23.786Z,39.798,False,STABILIZE,0.0000000,0.0000000,0.39,-0.04,0.00,0.00,0.00,1.03,1.22,15.48,0.01,0.00,15.0,0,0.000,-0.01,-1,1,0,0,0,0,0,0,0,0,0,PreArm: Board (3.9v) out of range 4.3-5.8v
2026-07-10T08:52:24.287Z,40.298,False,STABILIZE,0.0000000,0.0000000,0.46,-0.04,0.00,0.00,0.00,1.03,1.21,15.48,0.01,0.00,15.0,0,0.000,-0.01,-1,1,0,0,0,0,0,0,0,0,0,PreArm: Board (3.9v) out of range 4.3-5.8v
2026-07-10T08:52:24.788Z,40.800,False,STABILIZE,0.0000000,0.0000000,0.41,-0.04,0.00,0.00,0.00,1.03,1.21,15.48,0.01,0.00,15.0,0,0.000,-0.01,-1,1,0,0,0,0,0,0,0,0,0,PreArm: Board (3.9v) out of range 4.3-5.8v
2026-07-10T08:52:25.291Z,41.303,False,STABILIZE,0.0000000,0.0000000,0.42,-0.04,0.00,0.00,0.00,1.03,1.21,15.48,0.01,0.00,15.0,0,0.000,-0.01,-1,1,0,0,0,0,0,0,0,0,0,PreArm: Board (3.9v) out of range 4.3-5.8v
2026-07-10T08:52:25.793Z,41.804,False,STABILIZE,0.0000000,0.0000000,0.43,-0.04,0.00,0.00,0.00,1.03,1.21,15.49,0.01,0.00,15.0,0,0.000,-0.01,-1,1,0,0,0,0,0,0,0,0,0,PreArm: Board (3.9v) out of range 4.3-5.8v
2026-07-10T08:52:26.385Z,42.397,False,STABILIZE,0.0000000,0.0000000,0.40,-0.04,0.00,0.00,0.00,1.03,1.21,15.49,0.01,0.00,15.0,0,0.000,-0.01,-1,1,0,0,0,0,0,0,0,0,0,PreArm: Board (3.9v) out of range 4.3-5.8v
2026-07-10T08:52:26.891Z,42.902,False,STABILIZE,0.0000000,0.0000000,0.44,-0.04,0.00,0.00,0.00,1.03,1.21,15.49,0.00,0.00,15.0,0,0.000,-0.01,-1,1,0,0,0,0,0,0,0,0,0,PreArm: Board (3.9v) out of range 4.3-5.8v
2026-07-10T08:52:27.391Z,43.403,False,STABILIZE,0.0000000,0.0000000,0.41,-0.04,0.00,0.00,0.00,1.03,1.21,15.49,0.00,0.00,15.0,0,0.000,-0.01,-1,1,0,0,0,0,0,0,0,0,0,PreArm: Board (3.9v) out of range 4.3-5.8v
2026-07-10T08:52:27.895Z,43.906,False,STABILIZE,0.0000000,0.0000000,0.40,-0.04,0.00,0.00,0.01,1.03,1.21,15.49,0.00,0.00,15.0,0,0.000,-0.01,-1,1,0,0,0,0,0,0,0,0,0,PreArm: Board (3.9v) out of range 4.3-5.8v
2026-07-10T08:52:28.485Z,44.496,False,STABILIZE,0.0000000,0.0000000,0.39,-0.04,0.00,0.00,0.01,1.03,1.21,15.49,0.01,0.00,15.0,0,0.000,-0.01,-1,1,0,0,0,0,0,0,0,0,0,PreArm: Board (3.9v) out of range 4.3-5.8v
2026-07-10T08:52:28.991Z,45.002,False,STABILIZE,0.0000000,0.0000000,0.41,-0.04,0.00,0.00,0.01,1.03,1.21,15.49,0.01,0.00,15.0,0,0.000,-0.01,-1,1,0,0,0,0,0,0,0,0,0,PreArm: Board (3.9v) out of range 4.3-5.8v
2026-07-10T08:52:29.491Z,45.502,False,STABILIZE,0.0000000,0.0000000,0.39,-0.04,0.00,0.00,0.01,1.03,1.21,15.48,0.01,0.00,15.0,0,0.000,-0.01,-1,1,0,0,0,0,0,0,0,0,0,PreArm: Board (3.9v) out of range 4.3-5.8v
2026-07-10T08:52:29.993Z,46.004,False,STABILIZE,0.0000000,0.0000000,0.36,-0.04,0.00,0.00,0.01,1.03,1.21,15.49,0.01,0.00,15.0,0,0.000,-0.01,-1,1,0,0,0,0,0,0,0,0,0,PreArm: Board (3.9v) out of range 4.3-5.8v
2026-07-10T08:52:30.493Z,46.505,False,STABILIZE,0.0000000,0.0000000,0.39,-0.04,0.00,0.00,0.01,1.03,1.21,15.49,0.01,0.00,15.0,0,0.000,-0.01,-1,1,0,0,0,0,0,0,0,0,0,PreArm: Board (3.9v) out of range 4.3-5.8v
2026-07-10T08:52:31.085Z,47.097,False,STABILIZE,0.0000000,0.0000000,0.37,-0.04,0.00,0.00,0.02,1.03,1.22,15.49,0.01,0.00,15.0,0,0.000,-0.01,-1,1,0,0,0,0,0,0,0,0,0,PreArm: Board (3.9v) out of range 4.3-5.8v
2026-07-10T08:52:31.586Z,47.598,False,STABILIZE,0.0000000,0.0000000,0.34,-0.04,0.00,0.00,0.02,1.03,1.22,15.49,0.01,0.00,15.0,0,0.000,-0.01,-1,1,0,0,0,0,0,0,0,0,0,PreArm: Board (3.9v) out of range 4.3-5.8v
2026-07-10T08:52:32.087Z,48.098,False,STABILIZE,0.0000000,0.0000000,0.34,-0.04,0.00,0.00,0.02,1.04,1.22,15.50,0.01,0.00,15.0,0,0.000,-0.01,-1,1,0,0,0,0,0,0,0,0,0,PreArm: Board (3.9v) out of range 4.3-5.8v
2026-07-10T08:52:32.587Z,48.598,False,STABILIZE,0.0000000,0.0000000,0.30,-0.04,0.00,0.00,0.02,1.04,1.22,15.49,0.01,0.00,15.0,0,0.000,-0.01,-1,1,0,0,0,0,0,0,0,0,0,PreArm: Board (3.9v) out of range 4.3-5.8v
2026-07-10T08:52:33.087Z,49.099,False,STABILIZE,0.0000000,0.0000000,0.34,-0.04,0.00,0.00,0.02,1.04,1.22,15.50,0.01,0.00,15.0,0,0.000,-0.01,-1,1,0,0,0,0,0,0,0,0,0,PreArm: Board (3.9v) out of range 4.3-5.8v
2026-07-10T08:52:33.589Z,49.601,False,STABILIZE,0.0000000,0.0000000,0.35,-0.04,0.00,0.00,0.02,1.04,1.22,15.50,0.01,0.00,15.0,0,0.000,-0.01,-1,1,0,0,0,0,0,0,0,0,0,PreArm: Board (3.9v) out of range 4.3-5.8v
2026-07-10T08:52:34.090Z,50.101,False,STABILIZE,0.0000000,0.0000000,0.33,-0.04,0.00,0.00,0.02,1.04,1.21,15.50,0.01,0.00,15.0,0,0.000,-0.01,-1,1,0,0,0,0,0,0,0,0,0,PreArm: Board (3.9v) out of range 4.3-5.8v
2026-07-10T08:52:34.590Z,50.602,False,STABILIZE,0.0000000,0.0000000,0.32,-0.04,0.00,0.00,0.02,1.04,1.22,15.50,0.00,0.00,15.0,0,0.000,-0.01,-1,1,0,0,0,0,0,0,0,0,0,PreArm: Board (3.9v) out of range 4.3-5.8v
2026-07-10T08:52:35.091Z,51.103,False,STABILIZE,0.0000000,0.0000000,0.32,-0.04,0.00,0.00,0.02,1.04,1.21,15.50,0.00,0.00,15.0,0,0.000,-0.01,-1,1,0,0,0,0,0,0,0,0,0,PreArm: Board (3.9v) out of range 4.3-5.8v
2026-07-10T08:52:35.593Z,51.604,False,STABILIZE,0.0000000,0.0000000,0.35,-0.04,0.00,0.00,0.02,1.05,1.21,15.50,0.00,0.00,15.0,0,0.000,-0.01,-1,1,0,0,0,0,0,0,0,0,0,PreArm: Board (3.9v) out of range 4.3-5.8v
2026-07-10T08:52:36.187Z,52.198,False,STABILIZE,0.0000000,0.0000000,0.35,-0.04,0.00,0.00,0.02,1.05,1.21,15.50,0.00,0.00,15.0,0,0.000,-0.01,-1,1,0,0,0,0,0,0,0,0,0,PreArm: Board (3.9v) out of range 4.3-5.8v
2026-07-10T08:52:36.687Z,52.699,False,STABILIZE,0.0000000,0.0000000,0.36,-0.04,0.00,0.00,0.01,1.05,1.21,15.50,0.00,0.00,15.0,0,0.000,-0.01,-1,1,0,0,0,0,0,0,0,0,0,PreArm: Board (3.9v) out of range 4.3-5.8v
2026-07-10T08:52:37.189Z,53.200,False,STABILIZE,0.0000000,0.0000000,0.34,-0.04,0.00,0.00,0.01,1.05,1.22,15.49,0.00,0.00,15.0,0,0.000,-0.01,-1,1,0,0,0,0,0,0,0,0,0,PreArm: Board (3.9v) out of range 4.3-5.8v
2026-07-10T08:52:37.691Z,53.703,False,STABILIZE,0.0000000,0.0000000,0.35,-0.04,0.00,0.00,0.01,1.05,1.22,15.49,0.00,0.00,15.0,0,0.000,-0.01,-1,1,0,0,0,0,0,0,0,0,0,PreArm: Board (3.9v) out of range 4.3-5.8v
2026-07-10T08:52:38.193Z,54.204,False,STABILIZE,0.0000000,0.0000000,0.28,-0.04,0.00,0.00,0.01,1.05,1.22,15.50,0.00,0.00,15.0,0,0.000,-0.01,-1,1,0,0,0,0,0,0,0,0,0,PreArm: Board (3.9v) out of range 4.3-5.8v
2026-07-10T08:52:38.693Z,54.705,False,STABILIZE,0.0000000,0.0000000,0.32,-0.04,0.00,0.00,0.01,1.05,1.22,15.50,0.00,0.00,15.0,0,0.000,-0.01,-1,1,0,0,0,0,0,0,0,0,0,PreArm: Board (3.9v) out of range 4.3-5.8v
2026-07-10T08:52:39.285Z,55.297,False,STABILIZE,0.0000000,0.0000000,0.37,-0.04,0.00,0.00,0.01,1.05,1.22,15.50,0.00,0.00,15.0,0,0.000,-0.01,-1,1,0,0,0,0,0,0,0,0,0,PreArm: Board (3.9v) out of range 4.3-5.8v
2026-07-10T08:52:39.787Z,55.798,False,STABILIZE,0.0000000,0.0000000,0.35,-0.04,0.00,0.00,0.01,1.05,1.22,15.50,0.00,0.00,15.0,0,0.000,-0.01,-1,1,0,0,0,0,0,0,0,0,0,PreArm: Board (3.8v) out of range 4.3-5.8v
2026-07-10T08:52:40.287Z,56.299,False,STABILIZE,0.0000000,0.0000000,0.32,-0.04,0.00,0.00,0.01,1.05,1.22,15.49,0.00,0.00,15.0,0,0.000,-0.01,-1,1,0,0,0,0,0,0,0,0,0,PreArm: Board (3.8v) out of range 4.3-5.8v
2026-07-10T08:52:40.791Z,56.803,False,STABILIZE,0.0000000,0.0000000,0.28,-0.04,0.00,0.00,0.01,1.05,1.22,15.50,0.01,0.00,15.0,0,0.000,-0.01,-1,1,0,0,0,0,0,0,0,0,0,PreArm: Board (3.8v) out of range 4.3-5.8v
2026-07-10T08:52:41.293Z,57.305,False,STABILIZE,0.0000000,0.0000000,0.34,-0.04,0.00,0.00,0.01,1.05,1.22,15.50,0.01,0.00,15.0,0,0.000,-0.01,-1,1,0,0,0,0,0,0,0,0,0,PreArm: Board (3.8v) out of range 4.3-5.8v
2026-07-10T08:52:41.885Z,57.896,False,STABILIZE,0.0000000,0.0000000,0.29,-0.04,0.00,0.00,0.00,1.05,1.23,15.50,0.01,0.00,15.0,0,0.000,-0.01,-1,1,0,0,0,0,0,0,0,0,0,PreArm: Board (3.8v) out of range 4.3-5.8v
2026-07-10T08:52:42.385Z,58.396,False,STABILIZE,0.0000000,0.0000000,0.30,-0.04,0.00,0.00,0.00,1.05,1.23,15.50,0.01,0.00,15.0,0,0.000,-0.01,-1,1,0,0,0,0,0,0,0,0,0,PreArm: Board (3.8v) out of range 4.3-5.8v
2026-07-10T08:52:42.885Z,58.896,False,STABILIZE,0.0000000,0.0000000,0.34,-0.04,0.00,0.00,0.00,1.04,1.22,15.49,0.01,0.00,15.0,0,0.000,-0.01,-1,1,0,0,0,0,0,0,0,0,0,PreArm: Board (3.8v) out of range 4.3-5.8v
2026-07-10T08:52:43.388Z,59.399,False,STABILIZE,0.0000000,0.0000000,0.31,-0.04,0.00,0.00,0.00,1.04,1.22,15.50,0.01,0.00,15.0,0,0.000,-0.01,-1,1,0,0,0,0,0,0,0,0,0,PreArm: Board (3.8v) out of range 4.3-5.8v
2026-07-10T08:52:43.888Z,59.899,False,STABILIZE,0.0000000,0.0000000,0.34,-0.04,0.00,0.00,0.00,1.04,1.22,15.49,0.01,0.00,15.0,0,0.000,-0.01,-1,1,0,0,0,0,0,0,0,0,0,PreArm: Board (3.8v) out of range 4.3-5.8v
2026-07-10T08:52:44.389Z,60.401,False,STABILIZE,0.0000000,0.0000000,0.33,-0.04,0.00,0.00,0.00,1.04,1.22,15.50,0.01,0.00,15.0,0,0.000,-0.01,-1,1,0,0,0,0,0,0,0,0,0,PreArm: Board (3.8v) out of range 4.3-5.8v
2026-07-10T08:52:44.891Z,60.902,False,STABILIZE,0.0000000,0.0000000,0.30,-0.04,0.00,0.00,0.00,1.04,1.22,15.50,0.01,0.00,15.0,0,0.000,-0.01,-1,1,0,0,0,0,0,0,0,0,0,PreArm: Board (3.8v) out of range 4.3-5.8v
2026-07-10T08:52:45.391Z,61.402,False,STABILIZE,0.0000000,0.0000000,0.34,-0.04,0.00,0.00,0.00,1.04,1.22,15.50,0.01,0.00,15.0,0,0.000,-0.01,-1,1,0,0,0,0,0,0,0,0,0,PreArm: Board (3.8v) out of range 4.3-5.8v
2026-07-10T08:52:45.891Z,61.903,False,STABILIZE,0.0000000,0.0000000,0.28,-0.04,0.00,0.00,0.00,1.04,1.22,15.50,0.01,0.00,15.0,0,0.000,-0.01,-1,1,0,0,0,0,0,0,0,0,0,PreArm: Board (3.8v) out of range 4.3-5.8v
2026-07-10T08:52:46.392Z,62.404,False,STABILIZE,0.0000000,0.0000000,0.30,-0.04,0.00,0.00,0.00,1.03,1.22,15.50,0.01,0.00,15.0,0,0.000,-0.01,-1,1,0,0,0,0,0,0,0,0,0,PreArm: Board (3.8v) out of range 4.3-5.8v
2026-07-10T08:52:46.985Z,62.997,False,STABILIZE,0.0000000,0.0000000,0.28,-0.04,0.00,0.00,0.00,1.04,1.22,15.50,0.01,0.00,15.0,0,0.000,-0.01,-1,1,0,0,0,0,0,0,0,0,0,PreArm: Board (3.8v) out of range 4.3-5.8v
2026-07-10T08:52:47.485Z,63.497,False,STABILIZE,0.0000000,0.0000000,0.30,-0.04,0.00,0.00,0.00,1.04,1.22,15.49,0.01,0.00,15.0,0,0.000,-0.01,-1,1,0,0,0,0,0,0,0,0,0,PreArm: Board (3.8v) out of range 4.3-5.8v
2026-07-10T08:52:47.987Z,63.998,False,STABILIZE,0.0000000,0.0000000,0.34,-0.04,0.00,0.00,0.00,1.04,1.22,15.49,0.01,0.00,15.0,0,0.000,-0.01,-1,1,0,0,0,0,0,0,0,0,0,PreArm: Board (3.8v) out of range 4.3-5.8v
2026-07-10T08:52:48.487Z,64.499,False,STABILIZE,0.0000000,0.0000000,0.33,-0.04,0.00,0.00,0.00,1.04,1.22,15.50,0.01,0.00,15.0,0,0.000,-0.01,-1,1,0,0,0,0,0,0,0,0,0,PreArm: Board (3.8v) out of range 4.3-5.8v
2026-07-10T08:52:48.989Z,65.001,False,STABILIZE,0.0000000,0.0000000,0.35,-0.04,0.00,0.00,0.00,1.04,1.22,15.49,0.01,0.00,15.0,0,0.000,-0.01,-1,1,0,0,0,0,0,0,0,0,0,PreArm: Board (3.8v) out of range 4.3-5.8v
2026-07-10T08:52:49.489Z,65.501,False,STABILIZE,0.0000000,0.0000000,0.30,-0.04,0.00,0.00,0.00,1.04,1.22,15.49,0.01,0.00,15.0,0,0.000,-0.01,-1,1,0,0,0,0,0,0,0,0,0,PreArm: Board (3.8v) out of range 4.3-5.8v
2026-07-10T08:52:49.989Z,66.001,False,STABILIZE,0.0000000,0.0000000,0.31,-0.04,0.00,0.00,0.00,1.04,1.22,15.50,0.01,0.00,15.0,0,0.000,-0.01,-1,1,0,0,0,0,0,0,0,0,0,PreArm: Board (3.8v) out of range 4.3-5.8v
2026-07-10T08:52:50.491Z,66.502,False,STABILIZE,0.0000000,0.0000000,0.34,-0.04,0.00,0.00,0.00,1.04,1.22,15.50,0.01,0.00,15.0,0,0.000,-0.01,-1,1,0,0,0,0,0,0,0,0,0,PreArm: Board (3.8v) out of range 4.3-5.8v
2026-07-10T08:52:50.992Z,67.004,False,STABILIZE,0.0000000,0.0000000,0.33,-0.04,0.00,0.00,0.00,1.05,1.22,15.49,0.01,0.00,15.0,0,0.000,-0.01,-1,1,0,0,0,0,0,0,0,0,0,PreArm: Board (3.8v) out of range 4.3-5.8v
2026-07-10T08:52:51.493Z,67.505,False,STABILIZE,0.0000000,0.0000000,0.32,-0.04,0.00,0.00,0.00,1.04,1.22,15.49,0.01,0.00,15.0,0,0.000,-0.01,-1,1,0,0,0,0,0,0,0,0,0,PreArm: Board (3.8v) out of range 4.3-5.8v
2026-07-10T08:52:52.084Z,68.096,False,STABILIZE,0.0000000,0.0000000,0.34,-0.04,0.00,0.00,0.00,1.05,1.23,15.49,0.01,0.00,15.0,0,0.000,-0.01,-1,1,0,0,0,0,0,0,0,0,0,PreArm: Board (3.8v) out of range 4.3-5.8v
2026-07-10T08:52:52.586Z,68.597,False,STABILIZE,0.0000000,0.0000000,0.36,-0.04,0.00,0.00,0.00,1.05,1.23,15.49,0.01,0.00,15.0,0,0.000,-0.01,-1,1,0,0,0,0,0,0,0,0,0,PreArm: Board (3.8v) out of range 4.3-5.8v
2026-07-10T08:52:53.087Z,69.098,False,STABILIZE,0.0000000,0.0000000,0.34,-0.04,0.00,0.00,0.00,1.05,1.23,15.49,0.01,0.00,15.0,0,0.000,-0.01,-1,1,0,0,0,0,0,0,0,0,0,PreArm: Board (3.8v) out of range 4.3-5.8v
2026-07-10T08:52:53.589Z,69.601,False,STABILIZE,0.0000000,0.0000000,0.32,-0.04,0.00,0.00,0.00,1.05,1.22,15.49,0.01,0.00,15.0,0,0.000,-0.01,-1,1,0,0,0,0,0,0,0,0,0,PreArm: Board (3.8v) out of range 4.3-5.8v
2026-07-10T08:52:54.090Z,70.102,False,STABILIZE,0.0000000,0.0000000,0.35,-0.04,0.00,0.00,0.00,1.05,1.22,15.49,0.01,0.00,15.0,0,0.000,-0.01,-1,1,0,0,0,0,0,0,0,0,0,PreArm: Board (3.8v) out of range 4.3-5.8v
2026-07-10T08:52:54.592Z,70.603,False,STABILIZE,0.0000000,0.0000000,0.36,-0.04,0.00,0.00,0.00,1.05,1.22,15.49,0.01,0.00,15.0,0,0.000,-0.01,-1,1,0,0,0,0,0,0,0,0,0,PreArm: Board (3.8v) out of range 4.3-5.8v
2026-07-10T08:52:55.092Z,71.104,False,STABILIZE,0.0000000,0.0000000,0.33,-0.04,0.00,0.00,0.00,1.05,1.22,15.49,0.01,0.00,15.0,0,0.000,-0.01,-1,1,0,0,0,0,0,0,0,0,0,PreArm: Board (3.8v) out of range 4.3-5.8v
2026-07-10T08:52:55.594Z,71.605,False,STABILIZE,0.0000000,0.0000000,0.37,-0.04,0.00,0.00,0.00,1.05,1.22,15.49,0.01,0.00,15.0,0,0.000,-0.01,-1,1,0,0,0,0,0,0,0,0,0,PreArm: Board (3.8v) out of range 4.3-5.8v
2026-07-10T08:52:56.094Z,72.105,False,STABILIZE,0.0000000,0.0000000,0.38,-0.04,0.00,0.00,0.00,1.05,1.22,15.49,0.01,0.00,15.0,0,0.000,-0.01,-1,1,0,0,0,0,0,0,0,0,0,PreArm: Board (3.8v) out of range 4.3-5.8v
2026-07-10T08:52:56.595Z,72.606,False,STABILIZE,0.0000000,0.0000000,0.36,-0.04,0.00,0.00,0.00,1.05,1.22,15.49,0.01,0.00,15.0,0,0.000,-0.01,-1,1,0,0,0,0,0,0,0,0,0,PreArm: Board (3.8v) out of range 4.3-5.8v
2026-07-10T08:52:57.095Z,73.106,False,STABILIZE,0.0000000,0.0000000,0.43,-0.04,0.00,0.00,0.00,1.05,1.22,15.49,0.01,0.00,15.0,0,0.000,-0.01,-1,1,0,0,0,0,0,0,0,0,0,PreArm: Board (3.8v) out of range 4.3-5.8v
2026-07-10T08:52:57.595Z,73.606,False,STABILIZE,0.0000000,0.0000000,0.41,-0.04,0.00,0.00,0.00,1.05,1.22,15.49,0.00,0.00,15.0,0,0.000,-0.01,-1,1,0,0,0,0,0,0,0,0,0,PreArm: Board (3.8v) out of range 4.3-5.8v
2026-07-10T08:52:58.097Z,74.108,False,STABILIZE,0.0000000,0.0000000,0.40,-0.04,0.00,0.00,0.00,1.05,1.22,15.49,0.00,0.00,15.0,0,0.000,-0.01,-1,1,0,0,0,0,0,0,0,0,0,PreArm: Board (3.8v) out of range 4.3-5.8v
2026-07-10T08:52:58.685Z,74.697,False,STABILIZE,0.0000000,0.0000000,0.40,-0.04,0.00,0.00,-0.01,1.05,1.21,15.49,0.00,0.00,15.0,0,0.000,-0.01,-1,1,0,0,0,0,0,0,0,0,0,PreArm: Board (3.8v) out of range 4.3-5.8v
2026-07-10T08:52:59.191Z,75.202,False,STABILIZE,0.0000000,0.0000000,0.43,-0.04,0.00,0.00,-0.01,1.05,1.21,15.49,0.00,0.00,15.0,0,0.000,-0.01,-1,1,0,0,0,0,0,0,0,0,0,PreArm: Board (3.8v) out of range 4.3-5.8v
2026-07-10T08:52:59.692Z,75.704,False,STABILIZE,0.0000000,0.0000000,0.43,-0.04,0.00,0.00,-0.01,1.05,1.20,15.49,0.00,0.00,15.0,0,0.000,-0.01,-1,1,0,0,0,0,0,0,0,0,0,PreArm: Board (3.8v) out of range 4.3-5.8v
2026-07-10T08:53:00.193Z,76.205,False,STABILIZE,0.0000000,0.0000000,0.40,-0.04,0.00,0.00,-0.01,1.05,1.20,15.49,0.00,0.00,15.0,0,0.000,-0.01,-1,1,0,0,0,0,0,0,0,0,0,PreArm: Board (3.8v) out of range 4.3-5.8v
2026-07-10T08:53:00.695Z,76.706,False,STABILIZE,0.0000000,0.0000000,0.43,-0.04,0.00,0.00,-0.01,1.05,1.20,15.49,0.00,0.00,15.0,0,0.000,-0.01,-1,1,0,0,0,0,0,0,0,0,0,PreArm: Board (3.8v) out of range 4.3-5.8v
2026-07-10T08:53:01.195Z,77.207,False,STABILIZE,0.0000000,0.0000000,0.41,-0.04,0.00,0.00,-0.01,1.05,1.20,15.49,0.00,0.00,15.0,0,0.000,-0.01,-1,1,0,0,0,0,0,0,0,0,0,PreArm: Board (3.8v) out of range 4.3-5.8v
2026-07-10T08:53:01.695Z,77.707,False,STABILIZE,0.0000000,0.0000000,0.42,-0.04,0.00,0.00,-0.01,1.05,1.20,15.49,0.00,0.00,15.0,0,0.000,-0.01,-1,1,0,0,0,0,0,0,0,0,0,PreArm: Board (3.8v) out of range 4.3-5.8v
2026-07-10T08:53:02.284Z,78.296,False,STABILIZE,0.0000000,0.0000000,0.41,-0.04,0.00,0.00,-0.01,1.05,1.20,15.49,0.00,0.00,15.0,0,0.000,-0.01,-1,1,0,0,0,0,0,0,0,0,0,PreArm: Board (3.8v) out of range 4.3-5.8v
2026-07-10T08:53:02.787Z,78.798,False,STABILIZE,0.0000000,0.0000000,0.41,-0.04,0.00,0.00,0.00,1.05,1.20,15.49,0.00,0.00,15.0,0,0.000,-0.01,-1,1,0,0,0,0,0,0,0,0,0,PreArm: Board (3.8v) out of range 4.3-5.8v
2026-07-10T08:53:03.288Z,79.300,False,STABILIZE,0.0000000,0.0000000,0.43,-0.04,0.00,0.00,0.00,1.05,1.20,15.50,0.00,0.00,15.0,0,0.000,-0.01,-1,1,0,0,0,0,0,0,0,0,0,PreArm: Board (3.8v) out of range 4.3-5.8v
2026-07-10T08:53:03.789Z,79.801,False,STABILIZE,0.0000000,0.0000000,0.41,-0.04,0.00,0.00,0.00,1.05,1.21,15.50,0.00,0.00,15.0,0,0.000,-0.01,-1,1,0,0,0,0,0,0,0,0,0,PreArm: Board (3.8v) out of range 4.3-5.8v
2026-07-10T08:53:04.290Z,80.301,False,STABILIZE,0.0000000,0.0000000,0.41,-0.04,0.00,0.00,0.00,1.05,1.20,15.50,0.00,0.00,15.0,0,0.000,-0.01,-1,1,0,0,0,0,0,0,0,0,0,PreArm: Board (3.8v) out of range 4.3-5.8v
2026-07-10T08:53:04.794Z,80.806,False,STABILIZE,0.0000000,0.0000000,0.43,-0.04,0.00,0.00,0.00,1.05,1.21,15.50,0.00,0.00,15.0,0,0.000,-0.01,-1,1,0,0,0,0,0,0,0,0,0,PreArm: Board (3.8v) out of range 4.3-5.8v
2026-07-10T08:53:05.385Z,81.396,False,STABILIZE,0.0000000,0.0000000,0.43,-0.04,0.00,0.00,0.00,1.05,1.21,15.50,0.00,0.00,15.0,0,0.000,-0.01,-1,1,0,0,0,0,0,0,0,0,0,PreArm: Board (3.8v) out of range 4.3-5.8v
2026-07-10T08:53:05.888Z,81.899,False,STABILIZE,0.0000000,0.0000000,0.42,-0.04,0.00,0.00,0.00,1.05,1.21,15.50,0.00,0.00,15.0,0,0.000,-0.01,-1,1,0,0,0,0,0,0,0,0,0,PreArm: Board (3.8v) out of range 4.3-5.8v
2026-07-10T08:53:06.389Z,82.400,False,STABILIZE,0.0000000,0.0000000,0.44,-0.04,0.00,0.00,0.00,1.05,1.21,15.49,0.00,0.00,15.0,0,0.000,-0.01,-1,1,0,0,0,0,0,0,0,0,0,PreArm: Board (3.8v) out of range 4.3-5.8v
2026-07-10T08:53:06.891Z,82.902,False,STABILIZE,0.0000000,0.0000000,0.41,-0.04,0.00,0.00,0.00,1.05,1.21,15.49,0.00,0.00,15.0,0,0.000,-0.01,-1,1,0,0,0,0,0,0,0,0,0,PreArm: Board (3.8v) out of range 4.3-5.8v
2026-07-10T08:53:07.392Z,83.403,False,STABILIZE,0.0000000,0.0000000,0.41,-0.04,0.00,0.00,0.00,1.05,1.21,15.50,0.00,0.00,15.0,0,0.000,-0.01,-1,1,0,0,0,0,0,0,0,0,0,PreArm: Board (3.8v) out of range 4.3-5.8v
2026-07-10T08:53:07.892Z,83.903,False,STABILIZE,0.0000000,0.0000000,0.38,-0.04,0.00,0.00,0.00,1.05,1.21,15.49,0.00,0.00,15.0,0,0.000,-0.01,-1,1,0,0,0,0,0,0,0,0,0,PreArm: Board (3.8v) out of range 4.3-5.8v
2026-07-10T08:53:08.392Z,84.404,False,STABILIZE,0.0000000,0.0000000,0.44,-0.04,0.00,0.00,0.00,1.06,1.21,15.49,0.00,0.00,15.0,0,0.000,-0.01,-1,1,0,0,0,0,0,0,0,0,0,PreArm: Board (3.8v) out of range 4.3-5.8v
2026-07-10T08:53:08.892Z,84.904,False,STABILIZE,0.0000000,0.0000000,0.42,-0.04,0.00,0.00,0.00,1.05,1.22,15.49,0.00,0.00,15.0,0,0.000,-0.01,-1,1,0,0,0,0,0,0,0,0,0,PreArm: Board (3.8v) out of range 4.3-5.8v
2026-07-10T08:53:09.393Z,85.404,False,STABILIZE,0.0000000,0.0000000,0.43,-0.04,0.00,0.00,0.00,1.06,1.22,15.50,0.00,0.00,15.0,0,0.000,-0.01,-1,1,0,0,0,0,0,0,0,0,0,PreArm: Board (3.8v) out of range 4.3-5.8v
2026-07-10T08:53:09.893Z,85.904,False,STABILIZE,0.0000000,0.0000000,0.43,-0.04,0.00,0.00,0.00,1.06,1.22,15.50,0.00,0.00,15.0,0,0.000,-0.01,-1,1,0,0,0,0,0,0,0,0,0,PreArm: Board (3.8v) out of range 4.3-5.8v
2026-07-10T08:53:10.393Z,86.404,False,STABILIZE,0.0000000,0.0000000,0.43,-0.04,0.00,0.00,0.00,1.05,1.22,15.50,0.00,0.00,15.0,0,0.000,-0.01,-1,1,0,0,0,0,0,0,0,0,0,PreArm: Board (3.8v) out of range 4.3-5.8v
2026-07-10T08:53:10.895Z,86.907,False,STABILIZE,0.0000000,0.0000000,0.46,-0.04,0.00,0.00,0.00,1.05,1.22,15.50,0.00,0.00,15.0,0,0.000,-0.01,-1,1,0,0,0,0,0,0,0,0,0,PreArm: Board (3.9v) out of range 4.3-5.8v
2026-07-10T08:53:11.484Z,87.496,False,STABILIZE,0.0000000,0.0000000,0.43,-0.04,0.00,0.00,0.00,1.05,1.22,15.50,0.00,0.00,15.0,0,0.000,-0.01,-1,1,0,0,0,0,0,0,0,0,0,PreArm: Board (3.9v) out of range 4.3-5.8v
2026-07-10T08:53:11.984Z,87.996,False,STABILIZE,0.0000000,0.0000000,0.43,-0.04,0.00,0.00,0.00,1.05,1.22,15.50,0.00,0.00,15.0,0,0.000,-0.01,-1,1,0,0,0,0,0,0,0,0,0,PreArm: Board (3.9v) out of range 4.3-5.8v
2026-07-10T08:53:12.484Z,88.496,False,STABILIZE,0.0000000,0.0000000,0.46,-0.04,0.00,0.00,0.00,1.05,1.22,15.50,0.00,0.00,15.0,0,0.000,-0.01,-1,1,0,0,0,0,0,0,0,0,0,PreArm: Board (3.9v) out of range 4.3-5.8v
2026-07-10T08:53:12.987Z,88.998,False,STABILIZE,0.0000000,0.0000000,0.44,-0.04,0.00,0.00,0.00,1.05,1.22,15.50,0.01,0.00,15.0,0,0.000,-0.01,-1,1,0,0,0,0,0,0,0,0,0,PreArm: Board (3.9v) out of range 4.3-5.8v
2026-07-10T08:53:13.492Z,89.504,False,STABILIZE,0.0000000,0.0000000,0.47,-0.04,0.00,0.00,0.00,1.05,1.22,15.50,0.01,0.00,15.0,0,0.000,-0.01,-1,1,0,0,0,0,0,0,0,0,0,PreArm: Board (3.9v) out of range 4.3-5.8v
2026-07-10T08:53:13.994Z,90.006,False,STABILIZE,0.0000000,0.0000000,0.47,-0.04,0.00,0.00,0.00,1.05,1.22,15.50,0.01,0.00,15.0,0,0.000,-0.01,-1,1,0,0,0,0,0,0,0,0,0,PreArm: Board (3.9v) out of range 4.3-5.8v
2026-07-10T08:53:14.497Z,90.509,False,STABILIZE,0.0000000,0.0000000,0.45,-0.04,0.00,0.00,0.00,1.05,1.21,15.50,0.01,0.00,15.0,0,0.000,-0.01,-1,1,0,0,0,0,0,0,0,0,0,PreArm: Board (3.9v) out of range 4.3-5.8v
2026-07-10T08:53:15.084Z,91.096,False,STABILIZE,0.0000000,0.0000000,0.43,-0.04,0.00,0.00,0.00,1.05,1.21,15.50,0.00,0.00,15.0,0,0.000,-0.01,-1,1,0,0,0,0,0,0,0,0,0,PreArm: Board (3.9v) out of range 4.3-5.8v
2026-07-10T08:53:15.585Z,91.597,False,STABILIZE,0.0000000,0.0000000,0.44,-0.04,0.00,0.00,0.00,1.05,1.21,15.50,0.00,0.00,15.0,0,0.000,-0.01,-1,1,0,0,0,0,0,0,0,0,0,PreArm: Board (3.9v) out of range 4.3-5.8v
2026-07-10T08:53:16.086Z,92.098,False,STABILIZE,0.0000000,0.0000000,0.44,-0.04,0.00,0.00,0.00,1.05,1.22,15.50,0.00,0.00,15.0,0,0.000,-0.01,-1,1,0,0,0,0,0,0,0,0,0,PreArm: Board (3.9v) out of range 4.3-5.8v
2026-07-10T08:53:16.586Z,92.598,False,STABILIZE,0.0000000,0.0000000,0.46,-0.04,0.00,0.00,0.00,1.05,1.22,15.50,0.00,0.00,15.0,0,0.000,-0.01,-1,1,0,0,0,0,0,0,0,0,0,PreArm: Board (3.9v) out of range 4.3-5.8v
2026-07-10T08:53:17.088Z,93.100,False,STABILIZE,0.0000000,0.0000000,0.44,-0.04,0.00,0.00,0.00,1.06,1.22,15.50,0.00,0.00,15.0,0,0.000,-0.01,-1,1,0,0,0,0,0,0,0,0,0,PreArm: Board (3.9v) out of range 4.3-5.8v
2026-07-10T08:53:17.592Z,93.604,False,STABILIZE,0.0000000,0.0000000,0.45,-0.04,0.00,0.00,0.00,1.06,1.22,15.51,0.00,0.00,15.0,0,0.000,-0.01,-1,1,0,0,0,0,0,0,0,0,0,PreArm: Board (3.9v) out of range 4.3-5.8v
2026-07-10T08:53:18.094Z,94.106,False,STABILIZE,0.0000000,0.0000000,0.43,-0.04,0.00,0.00,0.00,1.06,1.22,15.51,0.00,0.00,15.0,0,0.000,-0.01,-1,1,0,0,0,0,0,0,0,0,0,PreArm: Board (3.9v) out of range 4.3-5.8v
2026-07-10T08:53:18.595Z,94.606,False,STABILIZE,0.0000000,0.0000000,0.46,-0.04,0.00,0.00,0.00,1.06,1.22,15.51,0.00,0.00,15.0,0,0.000,-0.01,-1,1,0,0,0,0,0,0,0,0,0,PreArm: Board (3.9v) out of range 4.3-5.8v
2026-07-10T08:53:19.185Z,95.197,False,STABILIZE,0.0000000,0.0000000,0.44,-0.04,0.00,0.00,0.00,1.06,1.22,15.51,0.00,0.00,15.0,0,0.000,-0.01,-1,1,0,0,0,0,0,0,0,0,0,PreArm: Board (3.9v) out of range 4.3-5.8v
2026-07-10T08:53:19.691Z,95.702,False,STABILIZE,0.0000000,0.0000000,0.46,-0.04,0.00,0.00,0.00,1.06,1.22,15.52,0.01,0.00,15.0,0,0.000,-0.01,-1,1,0,0,0,0,0,0,0,0,0,PreArm: Board (3.9v) out of range 4.3-5.8v
2026-07-10T08:53:20.191Z,96.203,False,STABILIZE,0.0000000,0.0000000,0.47,-0.04,0.00,0.00,0.00,1.06,1.22,15.51,0.01,0.00,15.0,0,0.000,-0.01,-1,1,0,0,0,0,0,0,0,0,0,PreArm: Board (3.9v) out of range 4.3-5.8v
2026-07-10T08:53:20.692Z,96.703,False,STABILIZE,0.0000000,0.0000000,0.43,-0.04,0.00,0.00,0.00,1.06,1.22,15.51,0.01,0.00,15.0,0,0.000,-0.01,-1,1,0,0,0,0,0,0,0,0,0,PreArm: Board (3.9v) out of range 4.3-5.8v
2026-07-10T08:53:21.192Z,97.203,False,STABILIZE,0.0000000,0.0000000,0.39,-0.04,0.00,0.00,0.00,1.06,1.23,15.51,0.01,0.00,15.0,0,0.000,-0.01,-1,1,0,0,0,0,0,0,0,0,0,PreArm: Board (3.9v) out of range 4.3-5.8v
2026-07-10T08:53:21.695Z,97.706,False,STABILIZE,0.0000000,0.0000000,0.43,-0.04,0.00,0.00,0.00,1.06,1.23,15.52,0.01,0.00,15.0,0,0.000,-0.01,-1,1,0,0,0,0,0,0,0,0,0,PreArm: Board (3.9v) out of range 4.3-5.8v
2026-07-10T08:53:22.284Z,98.295,False,STABILIZE,0.0000000,0.0000000,0.36,-0.04,0.00,0.00,0.00,1.06,1.23,15.52,0.01,0.00,15.0,0,0.000,-0.01,-1,1,0,0,0,0,0,0,0,0,0,PreArm: Board (3.9v) out of range 4.3-5.8v
2026-07-10T08:53:22.784Z,98.796,False,STABILIZE,0.0000000,0.0000000,0.38,-0.04,0.00,0.00,0.00,1.06,1.23,15.52,0.01,0.00,15.0,0,0.000,-0.01,-1,1,0,0,0,0,0,0,0,0,0,PreArm: Board (3.9v) out of range 4.3-5.8v
2026-07-10T08:53:23.284Z,99.296,False,STABILIZE,0.0000000,0.0000000,0.40,-0.04,0.00,0.00,0.00,1.06,1.23,15.52,0.01,0.00,15.0,0,0.000,-0.01,-1,1,0,0,0,0,0,0,0,0,0,PreArm: Board (3.9v) out of range 4.3-5.8v
2026-07-10T08:53:23.785Z,99.796,False,STABILIZE,0.0000000,0.0000000,0.41,-0.04,0.00,0.00,0.00,1.06,1.23,15.52,0.01,0.00,15.0,0,0.000,-0.01,-1,1,0,0,0,0,0,0,0,0,0,PreArm: Board (3.9v) out of range 4.3-5.8v
2026-07-10T08:53:24.286Z,100.298,False,STABILIZE,0.0000000,0.0000000,0.37,-0.04,0.00,0.00,0.00,1.06,1.23,15.52,0.01,0.00,15.0,0,0.000,-0.01,-1,1,0,0,0,0,0,0,0,0,0,PreArm: Board (3.9v) out of range 4.3-5.8v
2026-07-10T08:53:24.792Z,100.803,False,STABILIZE,0.0000000,0.0000000,0.38,-0.04,0.00,0.00,0.00,1.06,1.23,15.53,0.01,0.00,15.0,0,0.000,-0.01,-1,1,0,0,0,0,0,0,0,0,0,PreArm: Board (3.9v) out of range 4.3-5.8v
2026-07-10T08:53:25.295Z,101.306,False,STABILIZE,0.0000000,0.0000000,0.39,-0.04,0.00,0.00,0.00,1.06,1.23,15.53,0.01,0.00,15.0,0,0.000,-0.01,-1,1,0,0,0,0,0,0,0,0,0,PreArm: Board (3.9v) out of range 4.3-5.8v
2026-07-10T08:53:25.891Z,101.902,False,STABILIZE,0.0000000,0.0000000,0.39,-0.04,0.00,0.00,0.00,1.06,1.23,15.53,0.01,0.00,15.0,0,0.000,-0.01,-1,1,0,0,0,0,0,0,0,0,0,PreArm: Board (3.9v) out of range 4.3-5.8v
2026-07-10T08:53:26.395Z,102.406,False,STABILIZE,0.0000000,0.0000000,0.37,-0.04,0.00,0.00,0.01,1.06,1.23,15.53,0.01,0.00,15.0,0,0.000,-0.01,-1,1,0,0,0,0,0,0,0,0,0,PreArm: Board (3.9v) out of range 4.3-5.8v
2026-07-10T08:53:26.897Z,102.908,False,STABILIZE,0.0000000,0.0000000,0.35,-0.04,0.00,0.00,0.01,1.06,1.24,15.53,0.01,0.00,15.0,0,0.000,-0.01,-1,1,0,0,0,0,0,0,0,0,0,PreArm: Board (3.9v) out of range 4.3-5.8v
2026-07-10T08:53:27.484Z,103.496,False,STABILIZE,0.0000000,0.0000000,0.34,-0.04,0.00,0.00,0.01,1.06,1.24,15.53,0.01,0.00,15.0,0,0.000,-0.01,-1,1,0,0,0,0,0,0,0,0,0,PreArm: Board (3.9v) out of range 4.3-5.8v
2026-07-10T08:53:27.985Z,103.997,False,STABILIZE,0.0000000,0.0000000,0.37,-0.04,0.00,0.00,0.01,1.06,1.24,15.53,0.01,0.00,15.0,0,0.000,-0.01,-1,1,0,0,0,0,0,0,0,0,0,PreArm: Board (3.9v) out of range 4.3-5.8v
2026-07-10T08:53:28.487Z,104.498,False,STABILIZE,0.0000000,0.0000000,0.35,-0.04,-0.01,0.00,0.01,1.06,1.24,15.52,0.01,0.00,15.0,0,0.000,-0.01,-1,1,0,0,0,0,0,0,0,0,0,PreArm: Board (3.9v) out of range 4.3-5.8v
2026-07-10T08:53:28.989Z,105.001,False,STABILIZE,0.0000000,0.0000000,0.35,-0.04,-0.01,0.00,0.01,1.06,1.24,15.52,0.01,0.00,15.0,0,0.000,-0.01,-1,1,0,0,0,0,0,0,0,0,0,PreArm: Board (3.9v) out of range 4.3-5.8v
2026-07-10T08:53:29.490Z,105.501,False,STABILIZE,0.0000000,0.0000000,0.35,-0.04,-0.01,0.00,0.01,1.06,1.24,15.53,0.01,0.00,15.0,0,0.000,-0.01,-1,1,0,0,0,0,0,0,0,0,0,PreArm: Board (3.9v) out of range 4.3-5.8v
2026-07-10T08:53:29.992Z,106.004,False,STABILIZE,0.0000000,0.0000000,0.39,-0.04,-0.01,0.00,0.01,1.06,1.24,15.53,0.01,0.00,15.0,0,0.000,-0.01,-1,1,0,0,0,0,0,0,0,0,0,PreArm: Board (3.9v) out of range 4.3-5.8v
2026-07-10T08:53:30.495Z,106.506,False,STABILIZE,0.0000000,0.0000000,0.37,-0.04,-0.01,0.00,0.01,1.06,1.24,15.53,0.01,0.00,15.0,0,0.000,-0.01,-1,1,0,0,0,0,0,0,0,0,0,PreArm: Board (3.9v) out of range 4.3-5.8v
2026-07-10T08:53:31.085Z,107.097,False,STABILIZE,0.0000000,0.0000000,0.31,-0.04,-0.01,0.00,0.00,1.06,1.23,15.53,0.01,0.00,15.0,0,0.000,-0.01,-1,1,0,0,0,0,0,0,0,0,0,PreArm: Board (3.9v) out of range 4.3-5.8v
2026-07-10T08:53:31.587Z,107.599,False,STABILIZE,0.0000000,0.0000000,0.37,-0.04,-0.01,0.00,0.00,1.06,1.23,15.53,0.01,0.00,15.0,0,0.000,-0.01,-1,1,0,0,0,0,0,0,0,0,0,PreArm: Board (3.9v) out of range 4.3-5.8v
2026-07-10T08:53:32.087Z,108.099,False,STABILIZE,0.0000000,0.0000000,0.36,-0.04,0.00,0.00,0.00,1.06,1.23,15.53,0.01,0.00,15.0,0,0.000,-0.01,-1,1,0,0,0,0,0,0,0,0,0,PreArm: Board (3.9v) out of range 4.3-5.8v
2026-07-10T08:53:32.589Z,108.601,False,STABILIZE,0.0000000,0.0000000,0.41,-0.04,0.00,0.00,0.00,1.06,1.23,15.53,0.01,0.00,15.0,0,0.000,-0.01,-1,1,0,0,0,0,0,0,0,0,0,PreArm: Board (3.9v) out of range 4.3-5.8v
2026-07-10T08:53:33.089Z,109.101,False,STABILIZE,0.0000000,0.0000000,0.35,-0.04,0.00,0.00,0.00,1.05,1.23,15.53,0.01,0.00,15.0,0,0.000,-0.01,-1,1,0,0,0,0,0,0,0,0,0,PreArm: Board (3.9v) out of range 4.3-5.8v
2026-07-10T08:53:33.589Z,109.601,False,STABILIZE,0.0000000,0.0000000,0.39,-0.04,0.00,0.00,0.00,1.05,1.24,15.53,0.01,0.00,15.0,0,0.000,-0.01,-1,1,0,0,0,0,0,0,0,0,0,PreArm: Board (3.9v) out of range 4.3-5.8v
2026-07-10T08:53:34.091Z,110.103,False,STABILIZE,0.0000000,0.0000000,0.37,-0.04,0.00,0.00,0.00,1.05,1.24,15.54,0.01,0.00,15.0,0,0.000,-0.01,-1,1,0,0,0,0,0,0,0,0,0,PreArm: Board (3.9v) out of range 4.3-5.8v
2026-07-10T08:53:34.591Z,110.603,False,STABILIZE,0.0000000,0.0000000,0.41,-0.04,0.00,0.00,0.00,1.05,1.24,15.54,0.01,0.00,15.0,0,0.000,-0.01,-1,1,0,0,0,0,0,0,0,0,0,PreArm: Board (3.9v) out of range 4.3-5.8v
2026-07-10T08:53:35.091Z,111.103,False,STABILIZE,0.0000000,0.0000000,0.41,-0.04,-0.01,0.00,0.00,1.05,1.24,15.54,0.01,0.00,15.0,0,0.000,-0.01,-1,1,0,0,0,0,0,0,0,0,0,PreArm: Board (3.9v) out of range 4.3-5.8v
2026-07-10T08:53:35.591Z,111.603,False,STABILIZE,0.0000000,0.0000000,0.45,-0.04,-0.01,0.00,0.00,1.05,1.25,15.54,0.01,0.00,15.0,0,0.000,-0.01,-1,1,0,0,0,0,0,0,0,0,0,PreArm: Board (3.9v) out of range 4.3-5.8v
2026-07-10T08:53:36.184Z,112.196,False,STABILIZE,0.0000000,0.0000000,0.47,-0.04,-0.01,0.00,-0.01,1.05,1.25,15.55,0.01,0.00,15.0,0,0.000,-0.01,-1,1,0,0,0,0,0,0,0,0,0,PreArm: Board (3.9v) out of range 4.3-5.8v
2026-07-10T08:53:36.688Z,112.699,False,STABILIZE,0.0000000,0.0000000,0.49,-0.04,-0.01,0.00,-0.01,1.05,1.25,15.55,0.01,0.00,15.0,0,0.000,-0.01,-1,1,0,0,0,0,0,0,0,0,0,PreArm: Board (3.9v) out of range 4.3-5.8v
2026-07-10T08:53:37.189Z,113.201,False,STABILIZE,0.0000000,0.0000000,0.49,-0.04,-0.01,0.00,-0.01,1.05,1.25,15.55,0.01,0.00,15.0,0,0.000,-0.01,-1,1,0,0,0,0,0,0,0,0,0,PreArm: Board (3.9v) out of range 4.3-5.8v
2026-07-10T08:53:37.690Z,113.702,False,STABILIZE,0.0000000,0.0000000,0.48,-0.04,-0.01,0.00,-0.02,1.05,1.25,15.55,0.01,0.00,15.0,0,0.000,-0.01,-1,1,0,0,0,0,0,0,0,0,0,PreArm: Board (3.9v) out of range 4.3-5.8v
2026-07-10T08:53:38.192Z,114.204,False,STABILIZE,0.0000000,0.0000000,0.58,-0.04,-0.01,0.00,-0.02,1.05,1.24,15.56,0.01,0.00,15.0,0,0.000,-0.01,-1,1,0,0,0,0,0,0,0,0,0,PreArm: Board (3.9v) out of range 4.3-5.8v
2026-07-10T08:53:38.692Z,114.704,False,STABILIZE,0.0000000,0.0000000,0.56,-0.04,-0.01,0.00,-0.02,1.05,1.24,15.56,0.01,0.00,15.0,0,0.000,-0.01,-1,1,0,0,0,0,0,0,0,0,0,PreArm: Board (3.9v) out of range 4.3-5.8v
2026-07-10T08:53:39.194Z,115.206,False,STABILIZE,0.0000000,0.0000000,0.53,-0.04,-0.01,0.00,-0.03,1.05,1.24,15.56,0.01,0.00,15.0,0,0.000,-0.01,-1,1,0,0,0,0,0,0,0,0,0,PreArm: Board (3.9v) out of range 4.3-5.8v
2026-07-10T08:53:39.787Z,115.798,False,STABILIZE,0.0000000,0.0000000,0.60,-0.04,-0.01,0.00,-0.03,1.05,1.23,15.56,0.01,0.00,15.0,0,0.000,-0.01,-1,1,0,0,0,0,0,0,0,0,0,PreArm: Board (3.9v) out of range 4.3-5.8v
2026-07-10T08:53:40.287Z,116.298,False,STABILIZE,0.0000000,0.0000000,0.57,-0.04,0.00,0.00,-0.03,1.05,1.23,15.56,0.01,0.00,15.0,0,0.000,-0.01,-1,1,0,0,0,0,0,0,0,0,0,PreArm: Board (3.9v) out of range 4.3-5.8v
2026-07-10T08:53:40.790Z,116.801,False,STABILIZE,0.0000000,0.0000000,0.50,-0.04,0.00,0.00,-0.03,1.05,1.22,15.57,0.01,0.00,15.0,0,0.000,-0.01,-1,1,0,0,0,0,0,0,0,0,0,PreArm: Board (3.9v) out of range 4.3-5.8v
2026-07-10T08:53:41.290Z,117.301,False,STABILIZE,0.0000000,0.0000000,0.53,-0.04,0.00,0.00,-0.03,1.05,1.22,15.57,0.01,0.00,15.0,0,0.000,-0.01,-1,1,0,0,0,0,0,0,0,0,0,PreArm: Board (3.9v) out of range 4.3-5.8v
2026-07-10T08:53:41.790Z,117.801,False,STABILIZE,0.0000000,0.0000000,0.52,-0.04,0.00,0.00,-0.03,1.05,1.22,15.57,0.01,0.00,15.0,0,0.000,-0.01,-1,1,0,0,0,0,0,0,0,0,0,PreArm: Board (4.0v) out of range 4.3-5.8v
2026-07-10T08:53:42.290Z,118.301,False,STABILIZE,0.0000000,0.0000000,0.52,-0.04,0.00,0.00,-0.02,1.05,1.22,15.56,0.01,0.00,15.0,0,0.000,-0.01,-1,1,0,0,0,0,0,0,0,0,0,PreArm: Board (4.0v) out of range 4.3-5.8v
2026-07-10T08:53:42.792Z,118.803,False,STABILIZE,0.0000000,0.0000000,0.54,-0.04,0.00,0.00,-0.02,1.05,1.22,15.56,0.00,0.00,15.0,0,0.000,-0.01,-1,1,0,0,0,0,0,0,0,0,0,PreArm: Board (4.0v) out of range 4.3-5.8v
2026-07-10T08:53:43.292Z,119.303,False,STABILIZE,0.0000000,0.0000000,0.55,-0.04,0.00,0.00,-0.02,1.05,1.21,15.56,0.00,0.00,15.0,0,0.000,-0.01,-1,1,0,0,0,0,0,0,0,0,0,PreArm: Board (4.0v) out of range 4.3-5.8v
2026-07-10T08:53:43.795Z,119.806,False,STABILIZE,0.0000000,0.0000000,0.53,-0.04,0.00,0.00,-0.01,1.05,1.21,15.56,0.00,0.00,15.0,0,0.000,-0.01,-1,1,0,0,0,0,0,0,0,0,0,PreArm: Board (4.0v) out of range 4.3-5.8v
2026-07-10T08:53:44.295Z,120.306,False,STABILIZE,0.0000000,0.0000000,0.50,-0.04,0.00,0.00,-0.01,1.05,1.21,15.57,0.00,0.00,15.0,0,0.000,-0.01,-1,1,0,0,0,0,0,0,0,0,0,PreArm: Board (4.0v) out of range 4.3-5.8v
2026-07-10T08:53:44.882Z,120.893,False,STABILIZE,0.0000000,0.0000000,0.53,-0.04,0.00,0.00,-0.01,1.05,1.21,15.57,0.00,0.00,15.0,0,0.000,-0.01,-1,1,0,0,0,0,0,0,0,0,0,PreArm: Board (4.0v) out of range 4.3-5.8v
2026-07-10T08:53:45.384Z,121.395,False,STABILIZE,0.0000000,0.0000000,0.49,-0.04,0.00,0.00,0.00,1.05,1.21,15.57,0.00,0.00,15.0,0,0.000,-0.01,-1,1,0,0,0,0,0,0,0,0,0,PreArm: Board (4.0v) out of range 4.3-5.8v
2026-07-10T08:53:45.884Z,121.896,False,STABILIZE,0.0000000,0.0000000,0.51,-0.04,0.00,0.00,0.00,1.05,1.21,15.57,0.00,0.00,15.0,0,0.000,-0.01,-1,1,0,0,0,0,0,0,0,0,0,PreArm: Board (4.0v) out of range 4.3-5.8v
2026-07-10T08:53:46.385Z,122.396,False,STABILIZE,0.0000000,0.0000000,0.52,-0.04,0.00,0.00,0.00,1.05,1.21,15.57,0.00,0.00,15.0,0,0.000,-0.01,-1,1,0,0,0,0,0,0,0,0,0,PreArm: Board (4.0v) out of range 4.3-5.8v
2026-07-10T08:53:46.885Z,122.897,False,STABILIZE,0.0000000,0.0000000,0.52,-0.04,0.00,0.00,0.00,1.04,1.21,15.57,0.00,0.00,15.0,0,0.000,-0.01,-1,1,0,0,0,0,0,0,0,0,0,PreArm: Board (4.0v) out of range 4.3-5.8v
2026-07-10T08:53:47.385Z,123.397,False,STABILIZE,0.0000000,0.0000000,0.52,-0.04,0.00,0.00,0.00,1.04,1.21,15.57,0.00,0.00,15.0,0,0.000,-0.01,-1,1,0,0,0,0,0,0,0,0,0,PreArm: Board (4.0v) out of range 4.3-5.8v
2026-07-10T08:53:47.885Z,123.897,False,STABILIZE,0.0000000,0.0000000,0.49,-0.04,0.00,0.00,0.00,1.04,1.21,15.58,0.00,0.00,15.0,0,0.000,-0.01,-1,1,0,0,0,0,0,0,0,0,0,PreArm: Board (4.0v) out of range 4.3-5.8v
2026-07-10T08:53:48.387Z,124.399,False,STABILIZE,0.0000000,0.0000000,0.48,-0.04,0.00,0.00,0.00,1.04,1.21,15.57,0.00,0.00,15.0,0,0.000,-0.01,-1,1,0,0,0,0,0,0,0,0,0,PreArm: Board (4.0v) out of range 4.3-5.8v
2026-07-10T08:53:48.887Z,124.899,False,STABILIZE,0.0000000,0.0000000,0.46,-0.04,0.00,0.00,0.01,1.05,1.21,15.57,0.00,0.00,15.0,0,0.000,-0.01,-1,1,0,0,0,0,0,0,0,0,0,PreArm: Board (4.0v) out of range 4.3-5.8v
2026-07-10T08:53:49.387Z,125.399,False,STABILIZE,0.0000000,0.0000000,0.46,-0.04,0.00,0.00,0.01,1.04,1.21,15.57,0.00,0.00,15.0,0,0.000,-0.01,-1,1,0,0,0,0,0,0,0,0,0,PreArm: Board (4.0v) out of range 4.3-5.8v
2026-07-10T08:53:49.887Z,125.899,False,STABILIZE,0.0000000,0.0000000,0.45,-0.04,0.00,0.00,0.01,1.04,1.21,15.57,0.00,0.00,15.0,0,0.000,-0.01,-1,1,0,0,0,0,0,0,0,0,0,PreArm: Board (4.0v) out of range 4.3-5.8v
2026-07-10T08:53:50.387Z,126.399,False,STABILIZE,0.0000000,0.0000000,0.41,-0.04,0.00,0.00,0.01,1.05,1.21,15.57,0.00,0.00,15.0,0,0.000,-0.01,-1,1,0,0,0,0,0,0,0,0,0,PreArm: Board (4.0v) out of range 4.3-5.8v
2026-07-10T08:53:50.892Z,126.904,False,STABILIZE,0.0000000,0.0000000,0.45,-0.04,0.00,0.00,0.02,1.05,1.22,15.57,0.00,0.00,15.0,0,0.000,-0.01,-1,1,0,0,0,0,0,0,0,0,0,PreArm: Board (4.0v) out of range 4.3-5.8v
2026-07-10T08:53:51.394Z,127.406,False,STABILIZE,0.0000000,0.0000000,0.42,-0.04,0.00,0.00,0.02,1.05,1.22,15.57,0.00,0.00,15.0,0,0.000,-0.01,-1,1,0,0,0,0,0,0,0,0,0,PreArm: Board (4.0v) out of range 4.3-5.8v
2026-07-10T08:53:51.894Z,127.906,False,STABILIZE,0.0000000,0.0000000,0.37,-0.04,0.00,0.00,0.02,1.05,1.22,15.56,0.00,0.00,15.0,0,0.000,-0.01,-1,1,0,0,0,0,0,0,0,0,0,PreArm: Board (4.0v) out of range 4.3-5.8v
2026-07-10T08:53:52.394Z,128.406,False,STABILIZE,0.0000000,0.0000000,0.40,-0.04,0.00,0.00,0.02,1.05,1.22,15.56,0.00,0.00,15.0,0,0.000,-0.01,-1,1,0,0,0,0,0,0,0,0,0,PreArm: Board (4.0v) out of range 4.3-5.8v
2026-07-10T08:53:52.984Z,128.996,False,STABILIZE,0.0000000,0.0000000,0.42,-0.04,0.00,0.00,0.03,1.05,1.22,15.56,0.00,0.00,15.0,0,0.000,-0.01,-1,1,0,0,0,0,0,0,0,0,0,PreArm: Board (4.0v) out of range 4.3-5.8v
2026-07-10T08:53:53.487Z,129.498,False,STABILIZE,0.0000000,0.0000000,0.41,-0.04,0.00,0.00,0.03,1.05,1.22,15.56,0.00,0.00,15.0,0,0.000,-0.01,-1,1,0,0,0,0,0,0,0,0,0,PreArm: Board (4.0v) out of range 4.3-5.8v
2026-07-10T08:53:53.989Z,130.001,False,STABILIZE,0.0000000,0.0000000,0.46,-0.04,0.00,0.00,0.02,1.05,1.22,15.56,0.00,0.00,15.0,0,0.000,-0.01,-1,1,0,0,0,0,0,0,0,0,0,PreArm: Board (4.0v) out of range 4.3-5.8v
2026-07-10T08:53:54.489Z,130.501,False,STABILIZE,0.0000000,0.0000000,0.44,-0.04,0.00,0.00,0.02,1.05,1.22,15.56,0.00,0.00,15.0,0,0.000,-0.01,-1,1,0,0,0,0,0,0,0,0,0,PreArm: Board (4.0v) out of range 4.3-5.8v
2026-07-10T08:53:54.989Z,131.001,False,STABILIZE,0.0000000,0.0000000,0.45,-0.04,0.00,0.00,0.02,1.05,1.22,15.55,0.00,0.00,15.0,0,0.000,-0.01,-1,1,0,0,0,0,0,0,0,0,0,PreArm: Board (4.0v) out of range 4.3-5.8v
2026-07-10T08:53:55.489Z,131.501,False,STABILIZE,0.0000000,0.0000000,0.46,-0.04,0.00,0.00,0.01,1.05,1.21,15.55,0.00,0.00,15.0,0,0.000,-0.01,-1,1,0,0,0,0,0,0,0,0,0,PreArm: Board (4.0v) out of range 4.3-5.8v
2026-07-10T08:53:55.991Z,132.003,False,STABILIZE,0.0000000,0.0000000,0.51,-0.04,0.00,0.00,0.01,1.05,1.22,15.55,0.00,0.00,15.0,0,0.000,-0.01,-1,1,0,0,0,0,0,0,0,0,0,PreArm: Board (4.0v) out of range 4.3-5.8v
2026-07-10T08:53:56.491Z,132.503,False,STABILIZE,0.0000000,0.0000000,0.48,-0.04,0.00,0.00,0.01,1.05,1.21,15.56,0.00,0.00,15.0,0,0.000,-0.01,-1,1,0,0,0,0,0,0,0,0,0,PreArm: Board (4.0v) out of range 4.3-5.8v
2026-07-10T08:53:56.994Z,133.006,False,STABILIZE,0.0000000,0.0000000,0.51,-0.04,0.00,0.00,0.00,1.05,1.22,15.55,0.00,0.00,15.0,0,0.000,-0.01,-1,1,0,0,0,0,0,0,0,0,0,PreArm: Board (4.0v) out of range 4.3-5.8v
2026-07-10T08:53:57.583Z,133.595,False,STABILIZE,0.0000000,0.0000000,0.51,-0.04,0.00,0.00,0.00,1.05,1.22,15.55,0.00,0.00,15.0,0,0.000,-0.01,-1,1,0,0,0,0,0,0,0,0,0,PreArm: Board (4.0v) out of range 4.3-5.8v
2026-07-10T08:53:58.087Z,134.099,False,STABILIZE,0.0000000,0.0000000,0.49,-0.04,0.00,0.00,0.00,1.05,1.21,15.55,0.00,0.00,15.0,0,0.000,-0.01,-1,1,0,0,0,0,0,0,0,0,0,PreArm: Board (4.0v) out of range 4.3-5.8v
2026-07-10T08:53:58.591Z,134.603,False,STABILIZE,0.0000000,0.0000000,0.50,-0.04,0.00,0.00,0.00,1.05,1.21,15.55,0.00,0.00,15.0,0,0.000,-0.01,-1,1,0,0,0,0,0,0,0,0,0,PreArm: Board (4.0v) out of range 4.3-5.8v
2026-07-10T08:53:59.091Z,135.103,False,STABILIZE,0.0000000,0.0000000,0.48,-0.04,0.00,0.00,0.00,1.05,1.21,15.55,0.00,0.00,15.0,0,0.000,-0.01,-1,1,0,0,0,0,0,0,0,0,0,PreArm: Board (4.0v) out of range 4.3-5.8v
2026-07-10T08:53:59.591Z,135.603,False,STABILIZE,0.0000000,0.0000000,0.46,-0.04,0.00,0.00,0.00,1.04,1.21,15.54,0.00,0.00,15.0,0,0.000,-0.01,-1,1,0,0,0,0,0,0,0,0,0,PreArm: Board (4.0v) out of range 4.3-5.8v
2026-07-10T08:54:00.184Z,136.196,False,STABILIZE,0.0000000,0.0000000,0.46,-0.04,0.00,0.00,0.00,1.04,1.21,15.54,0.00,0.00,15.0,0,0.000,-0.01,-1,1,0,0,0,0,0,0,0,0,0,PreArm: Board (4.0v) out of range 4.3-5.8v
2026-07-10T08:54:00.684Z,136.696,False,STABILIZE,0.0000000,0.0000000,0.39,-0.04,0.00,0.00,0.00,1.04,1.21,15.54,0.00,0.00,15.0,0,0.000,-0.01,-1,1,0,0,0,0,0,0,0,0,0,PreArm: Board (4.0v) out of range 4.3-5.8v
2026-07-10T08:54:01.187Z,137.198,False,STABILIZE,0.0000000,0.0000000,0.40,-0.04,0.00,0.00,0.00,1.05,1.21,15.54,0.00,0.00,15.0,0,0.000,-0.01,-1,1,0,0,0,0,0,0,0,0,0,PreArm: Board (4.0v) out of range 4.3-5.8v
2026-07-10T08:54:01.687Z,137.698,False,STABILIZE,0.0000000,0.0000000,0.45,-0.04,0.00,0.00,0.00,1.05,1.21,15.53,0.00,0.00,15.0,0,0.000,-0.01,-1,1,0,0,0,0,0,0,0,0,0,PreArm: Board (4.0v) out of range 4.3-5.8v
2026-07-10T08:54:02.188Z,138.200,False,STABILIZE,0.0000000,0.0000000,0.45,-0.04,0.00,0.00,0.00,1.05,1.21,15.53,0.00,0.00,15.0,0,0.000,-0.01,-1,1,0,0,0,0,0,0,0,0,0,PreArm: Board (4.0v) out of range 4.3-5.8v
2026-07-10T08:54:02.691Z,138.702,False,STABILIZE,0.0000000,0.0000000,0.44,-0.04,0.00,0.00,0.00,1.04,1.20,15.53,0.00,0.00,15.0,0,0.000,-0.01,-1,1,0,0,0,0,0,0,0,0,0,PreArm: Board (4.0v) out of range 4.3-5.8v
2026-07-10T08:54:03.191Z,139.203,False,STABILIZE,0.0000000,0.0000000,0.47,-0.04,0.00,0.00,0.00,1.04,1.21,15.53,0.00,0.00,15.0,0,0.000,-0.01,-1,1,0,0,0,0,0,0,0,0,0,PreArm: Board (4.0v) out of range 4.3-5.8v
2026-07-10T08:54:03.694Z,139.706,False,STABILIZE,0.0000000,0.0000000,0.46,-0.04,0.00,0.00,0.00,1.04,1.21,15.53,0.00,0.00,15.0,0,0.000,-0.01,-1,1,0,0,0,0,0,0,0,0,0,PreArm: Board (4.0v) out of range 4.3-5.8v
2026-07-10T08:54:04.283Z,140.295,False,STABILIZE,0.0000000,0.0000000,0.48,-0.04,0.00,0.00,0.00,1.04,1.21,15.52,0.00,0.00,15.0,0,0.000,-0.01,-1,1,0,0,0,0,0,0,0,0,0,PreArm: Board (4.0v) out of range 4.3-5.8v
2026-07-10T08:54:04.783Z,140.795,False,STABILIZE,0.0000000,0.0000000,0.51,-0.04,0.00,0.00,0.00,1.04,1.21,15.52,0.00,0.00,15.0,0,0.000,-0.01,-1,1,0,0,0,0,0,0,0,0,0,PreArm: Board (4.0v) out of range 4.3-5.8v
2026-07-10T08:54:05.283Z,141.295,False,STABILIZE,0.0000000,0.0000000,0.54,-0.04,0.00,0.00,0.00,1.04,1.21,15.53,0.00,0.00,15.0,0,0.000,-0.01,-1,1,0,0,0,0,0,0,0,0,0,PreArm: Board (4.0v) out of range 4.3-5.8v
2026-07-10T08:54:05.783Z,141.795,False,STABILIZE,0.0000000,0.0000000,0.51,-0.04,0.00,0.00,0.00,1.04,1.21,15.53,0.00,0.00,15.0,0,0.000,-0.01,-1,1,0,0,0,0,0,0,0,0,0,PreArm: Board (4.0v) out of range 4.3-5.8v
2026-07-10T08:54:06.284Z,142.295,False,STABILIZE,0.0000000,0.0000000,0.50,-0.04,0.00,0.00,0.00,1.04,1.21,15.53,0.01,0.00,15.0,0,0.000,-0.01,-1,1,0,0,0,0,0,0,0,0,0,PreArm: Board (4.0v) out of range 4.3-5.8v
2026-07-10T08:54:06.787Z,142.798,False,STABILIZE,0.0000000,0.0000000,0.54,-0.04,0.00,0.00,-0.01,1.05,1.21,15.53,0.00,0.00,15.0,0,0.000,-0.01,-1,1,0,0,0,0,0,0,0,0,0,PreArm: Board (4.0v) out of range 4.3-5.8v
2026-07-10T08:54:07.288Z,143.300,False,STABILIZE,0.0000000,0.0000000,0.51,-0.04,0.00,0.00,-0.01,1.05,1.22,15.53,0.00,0.00,15.0,0,0.000,-0.01,-1,1,0,0,0,0,0,0,0,0,0,PreArm: Board (4.0v) out of range 4.3-5.8v
2026-07-10T08:54:07.885Z,143.896,False,STABILIZE,0.0000000,0.0000000,0.54,-0.04,0.00,0.00,-0.01,1.04,1.22,15.53,0.00,0.00,15.0,0,0.000,-0.01,-1,1,0,0,0,0,0,0,0,0,0,PreArm: Board (4.0v) out of range 4.3-5.8v
2026-07-10T08:54:08.385Z,144.397,False,STABILIZE,0.0000000,0.0000000,0.48,-0.04,0.00,0.00,0.00,1.04,1.22,15.53,0.01,0.00,15.0,0,0.000,-0.01,-1,1,0,0,0,0,0,0,0,0,0,PreArm: Board (4.0v) out of range 4.3-5.8v
2026-07-10T08:54:08.888Z,144.900,False,STABILIZE,0.0000000,0.0000000,0.54,-0.04,0.00,0.00,0.00,1.05,1.22,15.52,0.01,0.00,15.0,0,0.000,-0.01,-1,1,0,0,0,0,0,0,0,0,0,PreArm: Board (4.0v) out of range 4.3-5.8v
2026-07-10T08:54:09.389Z,145.400,False,STABILIZE,0.0000000,0.0000000,0.50,-0.04,0.00,0.00,0.00,1.04,1.22,15.52,0.01,0.00,15.0,0,0.000,-0.01,-1,1,0,0,0,0,0,0,0,0,0,PreArm: Board (4.0v) out of range 4.3-5.8v
2026-07-10T08:54:09.890Z,145.902,False,STABILIZE,0.0000000,0.0000000,0.49,-0.04,0.00,0.00,0.00,1.05,1.22,15.52,0.01,0.00,15.0,0,0.000,-0.01,-1,1,0,0,0,0,0,0,0,0,0,PreArm: Board (4.0v) out of range 4.3-5.8v
2026-07-10T08:54:10.390Z,146.402,False,STABILIZE,0.0000000,0.0000000,0.50,-0.04,0.00,0.00,0.00,1.05,1.21,15.52,0.01,0.00,15.0,0,0.000,-0.01,-1,1,0,0,0,0,0,0,0,0,0,PreArm: Board (4.0v) out of range 4.3-5.8v
2026-07-10T08:54:10.891Z,146.903,False,STABILIZE,0.0000000,0.0000000,0.52,-0.04,0.00,0.00,0.00,1.05,1.22,15.51,0.00,0.00,15.0,0,0.000,-0.01,-1,1,0,0,0,0,0,0,0,0,0,PreArm: Board (4.0v) out of range 4.3-5.8v
2026-07-10T08:54:11.487Z,147.498,False,STABILIZE,0.0000000,0.0000000,0.48,-0.04,0.00,0.00,0.00,1.05,1.21,15.52,0.00,0.00,15.0,0,0.000,-0.01,-1,1,0,0,0,0,0,0,0,0,0,PreArm: Board (4.0v) out of range 4.3-5.8v
2026-07-10T08:54:11.988Z,148.000,False,STABILIZE,0.0000000,0.0000000,0.55,-0.04,0.00,0.00,0.00,1.05,1.21,15.52,0.00,0.00,15.0,0,0.000,-0.01,-1,1,0,0,0,0,0,0,0,0,0,PreArm: Board (3.9v) out of range 4.3-5.8v
2026-07-10T08:54:12.490Z,148.502,False,STABILIZE,0.0000000,0.0000000,0.55,-0.04,0.00,0.00,0.00,1.06,1.21,15.52,0.00,0.00,15.0,0,0.000,-0.01,-1,1,0,0,0,0,0,0,0,0,0,PreArm: Board (3.9v) out of range 4.3-5.8v
2026-07-10T08:54:12.990Z,149.002,False,STABILIZE,0.0000000,0.0000000,0.52,-0.04,0.00,0.00,0.00,1.06,1.20,15.52,0.00,0.00,15.0,0,0.000,-0.01,-1,1,0,0,0,0,0,0,0,0,0,PreArm: Board (3.9v) out of range 4.3-5.8v
2026-07-10T08:54:13.490Z,149.502,False,STABILIZE,0.0000000,0.0000000,0.55,-0.04,0.00,0.00,0.00,1.06,1.20,15.52,0.00,0.00,15.0,0,0.000,-0.01,-1,1,0,0,0,0,0,0,0,0,0,PreArm: Board (3.9v) out of range 4.3-5.8v
2026-07-10T08:54:13.991Z,150.003,False,STABILIZE,0.0000000,0.0000000,0.53,-0.04,0.00,0.00,0.00,1.06,1.20,15.52,0.00,0.00,15.0,0,0.000,-0.01,-1,1,0,0,0,0,0,0,0,0,0,PreArm: Board (3.9v) out of range 4.3-5.8v
2026-07-10T08:54:14.495Z,150.506,False,STABILIZE,0.0000000,0.0000000,0.56,-0.04,0.00,0.00,0.00,1.06,1.20,15.52,0.00,0.00,15.0,0,0.000,-0.01,-1,1,0,0,0,0,0,0,0,0,0,PreArm: Board (3.9v) out of range 4.3-5.8v
2026-07-10T08:54:15.084Z,151.095,False,STABILIZE,0.0000000,0.0000000,0.54,-0.04,0.00,0.00,0.00,1.05,1.20,15.52,0.00,0.00,15.0,0,0.000,-0.01,-1,1,0,0,0,0,0,0,0,0,0,PreArm: Board (3.9v) out of range 4.3-5.8v
2026-07-10T08:54:15.584Z,151.595,False,STABILIZE,0.0000000,0.0000000,0.50,-0.04,0.00,0.00,0.00,1.05,1.20,15.51,0.00,0.00,15.0,0,0.000,-0.01,-1,1,0,0,0,0,0,0,0,0,0,PreArm: Board (3.9v) out of range 4.3-5.8v
2026-07-10T08:54:16.087Z,152.098,False,STABILIZE,0.0000000,0.0000000,0.50,-0.04,0.00,0.00,0.00,1.06,1.20,15.52,0.00,0.00,15.0,0,0.000,-0.01,-1,1,0,0,0,0,0,0,0,0,0,PreArm: Board (3.9v) out of range 4.3-5.8v
2026-07-10T08:54:16.587Z,152.598,False,STABILIZE,0.0000000,0.0000000,0.52,-0.04,0.00,0.00,0.00,1.05,1.20,15.52,0.00,0.00,15.0,0,0.000,-0.01,-1,1,0,0,0,0,0,0,0,0,0,PreArm: Board (3.9v) out of range 4.3-5.8v
2026-07-10T08:54:17.089Z,153.100,False,STABILIZE,0.0000000,0.0000000,0.56,-0.04,0.00,0.00,0.00,1.05,1.20,15.52,0.00,0.00,15.0,0,0.000,-0.01,-1,1,0,0,0,0,0,0,0,0,0,PreArm: Board (3.9v) out of range 4.3-5.8v
2026-07-10T08:54:17.591Z,153.602,False,STABILIZE,0.0000000,0.0000000,0.54,-0.04,0.00,0.00,0.00,1.05,1.20,15.52,0.00,0.00,15.0,0,0.000,-0.01,-1,1,0,0,0,0,0,0,0,0,0,PreArm: Board (3.9v) out of range 4.3-5.8v
2026-07-10T08:54:18.091Z,154.102,False,STABILIZE,0.0000000,0.0000000,0.54,-0.04,0.00,0.00,0.00,1.04,1.20,15.52,0.00,0.00,15.0,0,0.000,-0.01,-1,1,0,0,0,0,0,0,0,0,0,PreArm: Board (3.9v) out of range 4.3-5.8v
2026-07-10T08:54:18.591Z,154.602,False,STABILIZE,0.0000000,0.0000000,0.55,-0.04,0.00,0.00,0.00,1.04,1.20,15.52,0.00,0.00,15.0,0,0.000,-0.01,-1,1,0,0,0,0,0,0,0,0,0,PreArm: Board (3.9v) out of range 4.3-5.8v
2026-07-10T08:54:19.091Z,155.102,False,STABILIZE,0.0000000,0.0000000,0.51,-0.04,0.00,0.00,0.00,1.04,1.20,15.51,0.00,0.00,15.0,0,0.000,-0.01,-1,1,0,0,0,0,0,0,0,0,0,PreArm: Board (3.9v) out of range 4.3-5.8v
2026-07-10T08:54:19.592Z,155.603,False,STABILIZE,0.0000000,0.0000000,0.51,-0.04,0.00,0.00,0.00,1.04,1.20,15.52,0.00,0.00,15.0,0,0.000,-0.01,-1,1,0,0,0,0,0,0,0,0,0,PreArm: Board (3.9v) out of range 4.3-5.8v
2026-07-10T08:54:20.092Z,156.104,False,STABILIZE,0.0000000,0.0000000,0.51,-0.04,0.00,0.00,0.00,1.04,1.20,15.51,0.00,0.00,15.0,0,0.000,-0.01,-1,1,0,0,0,0,0,0,0,0,0,PreArm: Board (3.9v) out of range 4.3-5.8v
2026-07-10T08:54:20.593Z,156.604,False,STABILIZE,0.0000000,0.0000000,0.48,-0.04,0.00,0.00,0.00,1.04,1.20,15.51,0.00,0.00,15.0,0,0.000,-0.01,-1,1,0,0,0,0,0,0,0,0,0,PreArm: Board (3.9v) out of range 4.3-5.8v
2026-07-10T08:54:21.093Z,157.104,False,STABILIZE,0.0000000,0.0000000,0.51,-0.04,0.00,0.00,0.00,1.04,1.20,15.50,0.00,0.00,15.0,0,0.000,-0.01,-1,1,0,0,0,0,0,0,0,0,0,PreArm: Board (3.9v) out of range 4.3-5.8v
2026-07-10T08:54:21.687Z,157.698,False,STABILIZE,0.0000000,0.0000000,0.48,-0.04,0.00,0.00,0.00,1.04,1.20,15.50,0.00,0.00,15.0,0,0.000,-0.01,-1,1,0,0,0,0,0,0,0,0,0,PreArm: Board (3.9v) out of range 4.3-5.8v
2026-07-10T08:54:22.187Z,158.198,False,STABILIZE,0.0000000,0.0000000,0.46,-0.04,0.00,0.00,0.01,1.04,1.20,15.50,0.00,0.00,15.0,0,0.000,-0.01,-1,1,0,0,0,0,0,0,0,0,0,PreArm: Board (3.9v) out of range 4.3-5.8v
2026-07-10T08:54:22.690Z,158.701,False,STABILIZE,0.0000000,0.0000000,0.46,-0.04,0.00,0.00,0.01,1.04,1.20,15.50,0.00,0.00,15.0,0,0.000,-0.01,-1,1,0,0,0,0,0,0,0,0,0,PreArm: Board (3.9v) out of range 4.3-5.8v
2026-07-10T08:54:23.191Z,159.202,False,STABILIZE,0.0000000,0.0000000,0.43,-0.04,0.00,0.00,0.01,1.04,1.20,15.50,0.00,0.00,15.0,0,0.000,-0.01,-1,1,0,0,0,0,0,0,0,0,0,PreArm: Board (3.9v) out of range 4.3-5.8v
2026-07-10T08:54:23.784Z,159.795,False,STABILIZE,0.0000000,0.0000000,0.40,-0.04,0.00,0.00,0.01,1.05,1.19,15.50,0.00,0.00,15.0,0,0.000,-0.01,-1,1,0,0,0,0,0,0,0,0,0,PreArm: Board (3.9v) out of range 4.3-5.8v
2026-07-10T08:54:24.285Z,160.296,False,STABILIZE,0.0000000,0.0000000,0.44,-0.04,0.00,0.00,0.01,1.05,1.19,15.50,0.00,0.00,15.0,0,0.000,-0.01,-1,1,0,0,0,0,0,0,0,0,0,PreArm: Board (3.9v) out of range 4.3-5.8v
2026-07-10T08:54:24.787Z,160.798,False,STABILIZE,0.0000000,0.0000000,0.44,-0.04,0.00,0.00,0.01,1.05,1.19,15.50,0.00,0.00,15.0,0,0.000,-0.01,-1,1,0,0,0,0,0,0,0,0,0,PreArm: Board (3.9v) out of range 4.3-5.8v
2026-07-10T08:54:25.290Z,161.301,False,STABILIZE,0.0000000,0.0000000,0.43,-0.04,0.00,0.00,0.01,1.05,1.19,15.50,0.01,0.00,15.0,0,0.000,-0.01,-1,1,0,0,0,0,0,0,0,0,0,PreArm: Board (3.9v) out of range 4.3-5.8v
2026-07-10T08:54:25.790Z,161.801,False,STABILIZE,0.0000000,0.0000000,0.43,-0.04,0.00,0.00,0.01,1.05,1.19,15.50,0.00,0.00,15.0,0,0.000,-0.01,-1,1,0,0,0,0,0,0,0,0,0,PreArm: Board (3.9v) out of range 4.3-5.8v
2026-07-10T08:54:26.291Z,162.303,False,STABILIZE,0.0000000,0.0000000,0.42,-0.04,0.00,0.00,0.01,1.05,1.19,15.50,0.00,0.00,15.0,0,0.000,-0.01,-1,1,0,0,0,0,0,0,0,0,0,PreArm: Board (3.9v) out of range 4.3-5.8v
2026-07-10T08:54:26.883Z,162.895,False,STABILIZE,0.0000000,0.0000000,0.43,-0.04,0.00,0.00,0.01,1.05,1.20,15.50,0.00,0.00,15.0,0,0.000,-0.01,-1,1,0,0,0,0,0,0,0,0,0,PreArm: Board (3.9v) out of range 4.3-5.8v
2026-07-10T08:54:27.383Z,163.395,False,STABILIZE,0.0000000,0.0000000,0.48,-0.04,0.00,0.00,0.01,1.05,1.20,15.50,0.00,0.00,15.0,0,0.000,-0.01,-1,1,0,0,0,0,0,0,0,0,0,PreArm: Board (3.9v) out of range 4.3-5.8v
2026-07-10T08:54:27.883Z,163.895,False,STABILIZE,0.0000000,0.0000000,0.43,-0.04,0.00,0.00,0.01,1.05,1.20,15.49,0.00,0.00,15.0,0,0.000,-0.01,-1,1,0,0,0,0,0,0,0,0,0,PreArm: Board (3.9v) out of range 4.3-5.8v
2026-07-10T08:54:28.383Z,164.395,False,STABILIZE,0.0000000,0.0000000,0.46,-0.04,0.00,0.00,0.01,1.05,1.20,15.49,0.00,0.00,15.0,0,0.000,-0.01,-1,1,0,0,0,0,0,0,0,0,0,PreArm: Board (3.9v) out of range 4.3-5.8v
2026-07-10T08:54:28.883Z,164.895,False,STABILIZE,0.0000000,0.0000000,0.48,-0.04,0.00,0.00,0.00,1.05,1.20,15.49,0.00,0.00,15.0,0,0.000,-0.01,-1,1,0,0,0,0,0,0,0,0,0,PreArm: Board (3.9v) out of range 4.3-5.8v
2026-07-10T08:54:29.385Z,165.396,False,STABILIZE,0.0000000,0.0000000,0.53,-0.04,0.00,0.00,0.00,1.05,1.20,15.49,0.00,0.00,15.0,0,0.000,-0.01,-1,1,0,0,0,0,0,0,0,0,0,PreArm: Board (3.9v) out of range 4.3-5.8v
2026-07-10T08:54:29.885Z,165.896,False,STABILIZE,0.0000000,0.0000000,0.48,-0.04,0.00,0.00,0.00,1.05,1.21,15.49,0.00,0.00,15.0,0,0.000,-0.01,-1,1,0,0,0,0,0,0,0,0,0,PreArm: Board (3.9v) out of range 4.3-5.8v
2026-07-10T08:54:30.387Z,166.398,False,STABILIZE,0.0000000,0.0000000,0.49,-0.04,0.00,0.00,0.00,1.05,1.21,15.49,0.00,0.00,15.0,0,0.000,-0.01,-1,1,0,0,0,0,0,0,0,0,0,PreArm: Board (3.9v) out of range 4.3-5.8v
2026-07-10T08:54:30.887Z,166.898,False,STABILIZE,0.0000000,0.0000000,0.49,-0.04,0.00,0.00,0.00,1.05,1.20,15.49,0.00,0.00,15.0,0,0.000,-0.01,-1,1,0,0,0,0,0,0,0,0,0,PreArm: Board (3.9v) out of range 4.3-5.8v
2026-07-10T08:54:31.387Z,167.399,False,STABILIZE,0.0000000,0.0000000,0.48,-0.04,0.00,0.00,0.00,1.05,1.20,15.49,0.00,0.00,15.0,0,0.000,-0.01,-1,1,0,0,0,0,0,0,0,0,0,PreArm: Board (3.9v) out of range 4.3-5.8v
2026-07-10T08:54:31.888Z,167.899,False,STABILIZE,0.0000000,0.0000000,0.48,-0.04,0.00,0.00,0.00,1.05,1.21,15.49,0.00,0.00,15.0,0,0.000,-0.01,-1,1,0,0,0,0,0,0,0,0,0,PreArm: Board (3.9v) out of range 4.3-5.8v
2026-07-10T08:54:32.388Z,168.399,False,STABILIZE,0.0000000,0.0000000,0.48,-0.04,0.00,0.00,0.00,1.05,1.21,15.49,0.00,0.00,15.0,0,0.000,-0.01,-1,1,0,0,0,0,0,0,0,0,0,PreArm: Board (3.9v) out of range 4.3-5.8v
2026-07-10T08:54:32.890Z,168.902,False,STABILIZE,0.0000000,0.0000000,0.50,-0.04,0.00,0.00,0.00,1.05,1.21,15.49,0.00,0.00,15.0,0,0.000,-0.01,-1,1,0,0,0,0,0,0,0,0,0,PreArm: Board (3.9v) out of range 4.3-5.8v
2026-07-10T08:54:33.390Z,169.402,False,STABILIZE,0.0000000,0.0000000,0.54,-0.04,0.00,0.00,0.00,1.05,1.21,15.48,0.00,0.00,15.0,0,0.000,-0.01,-1,1,0,0,0,0,0,0,0,0,0,PreArm: Board (3.9v) out of range 4.3-5.8v
2026-07-10T08:54:33.892Z,169.904,False,STABILIZE,0.0000000,0.0000000,0.55,-0.04,0.00,0.00,-0.01,1.05,1.21,15.49,0.00,0.00,15.0,0,0.000,-0.01,-1,1,0,0,0,0,0,0,0,0,0,PreArm: Board (3.9v) out of range 4.3-5.8v
2026-07-10T08:54:34.393Z,170.404,False,STABILIZE,0.0000000,0.0000000,0.51,-0.04,0.00,0.00,-0.01,1.05,1.21,15.49,0.00,0.00,15.0,0,0.000,-0.01,-1,1,0,0,0,0,0,0,0,0,0,PreArm: Board (3.9v) out of range 4.3-5.8v
2026-07-10T08:54:34.982Z,170.994,False,STABILIZE,0.0000000,0.0000000,0.53,-0.04,0.00,0.00,-0.01,1.05,1.21,15.49,0.00,0.00,15.0,0,0.000,-0.01,-1,1,0,0,0,0,0,0,0,0,0,PreArm: Board (3.9v) out of range 4.3-5.8v
2026-07-10T08:54:35.482Z,171.494,False,STABILIZE,0.0000000,0.0000000,0.54,-0.04,0.00,0.00,-0.01,1.05,1.22,15.49,0.00,0.00,15.0,0,0.000,-0.01,-1,1,0,0,0,0,0,0,0,0,0,PreArm: Board (3.9v) out of range 4.3-5.8v
2026-07-10T08:54:35.982Z,171.994,False,STABILIZE,0.0000000,0.0000000,0.47,-0.04,0.00,0.00,-0.01,1.06,1.22,15.49,0.00,0.00,15.0,0,0.000,-0.01,-1,1,0,0,0,0,0,0,0,0,0,PreArm: Board (3.9v) out of range 4.3-5.8v
2026-07-10T08:54:36.483Z,172.495,False,STABILIZE,0.0000000,0.0000000,0.51,-0.04,0.00,0.00,-0.01,1.05,1.22,15.49,0.00,0.00,15.0,0,0.000,-0.01,-1,1,0,0,0,0,0,0,0,0,0,PreArm: Board (3.9v) out of range 4.3-5.8v
2026-07-10T08:54:36.984Z,172.996,False,STABILIZE,0.0000000,0.0000000,0.46,-0.04,0.00,0.00,-0.01,1.06,1.23,15.49,0.00,0.00,15.0,0,0.000,-0.01,-1,1,0,0,0,0,0,0,0,0,0,PreArm: Board (3.9v) out of range 4.3-5.8v
2026-07-10T08:54:37.487Z,173.499,False,STABILIZE,0.0000000,0.0000000,0.45,-0.04,0.00,0.00,0.00,1.06,1.23,15.49,0.01,0.00,15.0,0,0.000,-0.01,-1,1,0,0,0,0,0,0,0,0,0,PreArm: Board (3.9v) out of range 4.3-5.8v
2026-07-10T08:54:37.987Z,173.999,False,STABILIZE,0.0000000,0.0000000,0.47,-0.04,0.00,0.00,0.00,1.06,1.23,15.50,0.01,0.00,15.0,0,0.000,-0.01,-1,1,0,0,0,0,0,0,0,0,0,PreArm: Board (3.9v) out of range 4.3-5.8v
2026-07-10T08:54:38.491Z,174.502,False,STABILIZE,0.0000000,0.0000000,0.45,-0.04,0.00,0.00,0.00,1.06,1.23,15.49,0.01,0.00,15.0,0,0.000,-0.01,-1,1,0,0,0,0,0,0,0,0,0,PreArm: Board (3.9v) out of range 4.3-5.8v
2026-07-10T08:54:38.992Z,175.003,False,STABILIZE,0.0000000,0.0000000,0.40,-0.04,0.00,0.00,0.00,1.05,1.23,15.49,0.01,0.00,15.0,0,0.000,-0.01,-1,1,0,0,0,0,0,0,0,0,0,PreArm: Board (3.9v) out of range 4.3-5.8v
2026-07-10T08:54:39.492Z,175.503,False,STABILIZE,0.0000000,0.0000000,0.37,-0.04,0.00,0.00,0.00,1.05,1.23,15.49,0.01,0.00,15.0,0,0.000,-0.01,-1,1,0,0,0,0,0,0,0,0,0,PreArm: Board (3.9v) out of range 4.3-5.8v
2026-07-10T08:54:39.994Z,176.006,False,STABILIZE,0.0000000,0.0000000,0.41,-0.04,0.00,0.00,0.01,1.05,1.22,15.49,0.01,0.00,15.0,0,0.000,-0.01,-1,1,0,0,0,0,0,0,0,0,0,PreArm: Board (3.9v) out of range 4.3-5.8v
2026-07-10T08:54:40.582Z,176.594,False,STABILIZE,0.0000000,0.0000000,0.39,-0.04,0.00,0.00,0.01,1.05,1.22,15.49,0.01,0.00,15.0,0,0.000,-0.01,-1,1,0,0,0,0,0,0,0,0,0,PreArm: Board (3.9v) out of range 4.3-5.8v
2026-07-10T08:54:41.082Z,177.094,False,STABILIZE,0.0000000,0.0000000,0.43,-0.04,0.00,0.00,0.01,1.05,1.22,15.49,0.01,0.00,15.0,0,0.000,-0.01,-1,1,0,0,0,0,0,0,0,0,0,PreArm: Board (3.9v) out of range 4.3-5.8v
2026-07-10T08:54:41.583Z,177.595,False,STABILIZE,0.0000000,0.0000000,0.41,-0.04,0.00,0.00,0.01,1.05,1.22,15.49,0.01,0.00,15.0,0,0.000,-0.01,-1,1,0,0,0,0,0,0,0,0,0,PreArm: Board (3.9v) out of range 4.3-5.8v
2026-07-10T08:54:42.084Z,178.095,False,STABILIZE,0.0000000,0.0000000,0.46,-0.04,0.00,0.00,0.01,1.05,1.22,15.48,0.01,0.00,15.0,0,0.000,-0.01,-1,1,0,0,0,0,0,0,0,0,0,PreArm: Board (3.9v) out of range 4.3-5.8v
2026-07-10T08:54:42.584Z,178.596,False,STABILIZE,0.0000000,0.0000000,0.45,-0.04,0.00,0.00,0.01,1.05,1.22,15.49,0.01,0.00,15.0,0,0.000,-0.01,-1,1,0,0,0,0,0,0,0,0,0,PreArm: Board (3.9v) out of range 4.3-5.8v
2026-07-10T08:54:43.084Z,179.096,False,STABILIZE,0.0000000,0.0000000,0.39,-0.04,0.00,0.00,0.01,1.05,1.22,15.49,0.01,0.00,15.0,0,0.000,-0.01,-1,1,0,0,0,0,0,0,0,0,0,PreArm: Board (3.9v) out of range 4.3-5.8v
2026-07-10T08:54:43.585Z,179.597,False,STABILIZE,0.0000000,0.0000000,0.39,-0.04,0.00,0.00,0.01,1.05,1.23,15.49,0.01,0.00,15.0,0,0.000,-0.01,-1,1,0,0,0,0,0,0,0,0,0,PreArm: Board (3.9v) out of range 4.3-5.8v
